,2w1a_a,1gcw_a,1c01_a,1l6r_a,3p1a_a,6ldp_a,3r1a_a,2ocj_a,2r1a_a,3f1a_a,2u1a_a,1s7m_a,2x1a_a,1j3h_a,1g65_a,1n1d_a,1mbd_a,1y3a_a,3a1a_a,1b10_a,3l1a_a,3o1a_a,3k1a_a,2v1a_a,2c3a_a,3t1a_a,3d1a_a,2j1a_a,1e8x_a,2y1a_a,1g8a_a,1d7b_a,1qm0_a,2a2a_a,2n1a_a,3c1a_a,3w1a_a,2g1a_a,1jj2_b,1ag2_a,2z1a_a,3n1a_a,3i1a_a,1t8a_a,2l1a_a,3exj_a,1m4r_a,3s1a_a,1byq_a,1bz0_a,1i31_a,1dx0_a,4nfb_a,1b9v_a,1a3n_a,2h1a_a,1tup_c,3g1a_a,1v3a_a,1u2b_a,3m1a_a,3h1a_a,5fhx_a,1f2a_a,1csn_a,1out_a,1uw3_a,2f1a_a,1x2a_a,3j1a_a,1qg3_a,1w4a_a
2w1a_a,6.658668780801236e-07,11.306455612182617,9.217921257019043,10.56153678894043,7.436883926391602,4.729162216186523,8.920430183410645,9.314499855041504,9.208508491516113,5.7453155517578125,8.75106430053711,9.924012184143066,2.9500091075897217,11.250493049621582,7.907903671264648,7.59707498550415,9.319344520568848,10.869778633117676,6.813464641571045,8.16694450378418,12.25655746459961,6.359982490539551,8.973644256591797,6.204048156738281,7.819008827209473,11.268876075744629,9.047619819641113,3.4764392375946045,4.612375259399414,5.254609107971191,6.1352081298828125,13.59041690826416,6.466395854949951,5.939953327178955,14.12441349029541,6.250431060791016,2.9124608039855957,10.681746482849121,10.117125511169434,4.448159694671631,7.821472644805908,10.906261444091797,9.193848609924316,9.343863487243652,8.094054222106934,11.274468421936035,6.568244457244873,6.962332725524902,6.565942287445068,11.13692569732666,4.323173522949219,3.845792293548584,7.156085968017578,4.16321325302124,11.471755981445312,9.093208312988281,3.593611717224121,9.085704803466797,8.736258506774902,2.901033639907837,8.58742618560791,7.07606840133667,9.790342330932617,7.812009811401367,9.588361740112305,4.374679088592529,8.823784828186035,14.383801460266113,10.71054458618164,7.296341419219971,6.1741156578063965,10.17392635345459
1gcw_a,11.306455612182617,6.179941181017057e-08,4.37890625,5.99987268447876,6.787964820861816,8.202609062194824,8.810070037841797,6.642228603363037,5.612314701080322,6.35500955581665,10.6629056930542,6.0375494956970215,6.909394264221191,4.974306106567383,5.714940071105957,3.054455280303955,3.9431471824645996,11.381631851196289,7.206855297088623,7.631417751312256,5.667278289794922,9.047874450683594,6.49746036529541,8.788904190063477,9.989852905273438,9.079176902770996,5.470032691955566,8.623119354248047,7.937788009643555,7.9207611083984375,6.794374465942383,9.219134330749512,7.165173530578613,5.728184223175049,7.385861873626709,10.391554832458496,8.121567726135254,10.286125183105469,10.173565864562988,8.654314041137695,8.13551139831543,7.7801737785339355,9.473779678344727,5.806081771850586,5.6459832191467285,8.02564525604248,7.5888800621032715,11.15545654296875,9.836739540100098,3.8749399185180664,6.414867877960205,5.481123447418213,7.030402660369873,3.8312876224517822,6.222594738006592,8.51420783996582,7.8989105224609375,5.701444625854492,7.515717029571533,5.981888294219971,4.405337333679199,3.589545249938965,6.509674072265625,6.857921600341797,4.57991361618042,4.049654483795166,9.303437232971191,10.821765899658203,7.060913562774658,8.995368957519531,6.253493309020996,6.567521095275879
1c01_a,9.217921257019043,4.37890625,2.7070328201261873e-07,10.087748527526855,7.2415337562561035,7.231942176818848,5.120568752288818,6.333219051361084,7.424947261810303,7.617682933807373,9.982295989990234,7.774272918701172,7.183162689208984,10.890454292297363,5.711564540863037,9.13140869140625,7.7835211753845215,7.649833679199219,8.732950210571289,7.159773349761963,5.418160915374756,3.6872875690460205,7.370346546173096,7.435513019561768,9.82400131225586,4.756252288818359,7.488558292388916,7.238414764404297,8.256022453308105,10.640989303588867,6.645556926727295,8.876672744750977,9.429594039916992,6.787151336669922,5.757627964019775,11.711760520935059,8.52283000946045,6.588813781738281,8.610912322998047,6.652768611907959,6.360726833343506,5.397681713104248,8.651966094970703,8.271410942077637,6.949847221374512,6.211783409118652,6.723377227783203,7.232668399810791,9.335454940795898,4.942743301391602,9.183807373046875,6.504003524780273,9.04071044921875,5.066206455230713,7.490006923675537,7.552478790283203,9.994466781616211,4.817222595214844,6.428850173950195,8.083026885986328,7.373084545135498,9.962823867797852,5.57381534576416,7.170706272125244,8.649925231933594,5.707795143127441,7.659749507904053,6.255007266998291,9.583093643188477,6.870034694671631,8.182909965515137,5.701089382171631
1l6r_a,10.56153678894043,5.999872207641602,10.087748527526855,7.66620928516204e-07,3.270812749862671,9.108180046081543,3.925973892211914,8.322175979614258,15.255231857299805,8.986898422241211,11.660622596740723,8.192047119140625,15.50614070892334,9.882062911987305,8.367222785949707,5.984897613525391,8.145644187927246,13.775043487548828,5.037622928619385,15.513412475585938,12.148652076721191,14.12459659576416,10.032242774963379,11.00297737121582,10.842280387878418,6.9164347648620605,6.86150598526001,7.433042049407959,14.066604614257812,6.150791645050049,4.780098915100098,17.0672664642334,9.918499946594238,8.676173210144043,3.9963743686676025,2.469168186187744,13.619427680969238,9.85903549194336,6.13285493850708,13.792140007019043,7.12070894241333,13.598484992980957,9.01603889465332,11.558266639709473,7.457312107086182,8.265563011169434,13.889671325683594,13.686125755310059,13.986944198608398,7.252425670623779,4.313520431518555,15.124711990356445,10.288771629333496,6.440920352935791,9.877340316772461,5.450270652770996,11.651314735412598,10.094881057739258,8.78496265411377,15.063243865966797,7.331734657287598,8.985285758972168,6.206931114196777,7.655186653137207,9.493441581726074,13.019746780395508,12.015700340270996,8.168665885925293,12.142629623413086,12.1950044631958,6.1977996826171875,7.572744369506836
3p1a_a,7.436883926391602,6.787964820861816,7.2415337562561035,3.270812749862671,8.940696716308594e-08,3.9195823669433594,10.428119659423828,9.692071914672852,13.576496124267578,7.502899169921875,9.223627090454102,4.328835487365723,12.871377944946289,10.79280948638916,9.10571002960205,10.283783912658691,10.578032493591309,5.500876426696777,3.5560243129730225,3.3586297035217285,5.46226692199707,11.702310562133789,3.5510096549987793,12.981847763061523,14.568320274353027,7.447541236877441,7.035667896270752,6.537914752960205,5.131892204284668,4.1950860023498535,7.441318035125732,3.7687408924102783,6.1307053565979,9.644844055175781,6.743841648101807,13.34715461730957,2.739063024520874,8.709959030151367,4.224061965942383,14.76323413848877,4.405117511749268,2.180744171142578,13.07631778717041,11.061305046081543,7.132513523101807,12.169236183166504,4.816391468048096,8.223276138305664,14.391542434692383,10.413206100463867,12.711291313171387,11.158580780029297,4.995460510253906,5.00023078918457,10.469046592712402,4.384903907775879,11.31188678741455,9.70615291595459,9.18968391418457,12.972143173217773,5.988927364349365,8.772412300109863,10.774022102355957,11.419507026672363,11.318807601928711,9.391672134399414,11.033726692199707,9.720988273620605,14.166045188903809,4.374870777130127,10.847967147827148,9.423699378967285
6ldp_a,4.729162693023682,8.20261001586914,7.231942176818848,9.108180046081543,3.919581890106201,1.6302986693972343e-07,6.046274185180664,4.050743579864502,13.58988094329834,4.735926151275635,6.706228733062744,4.243407726287842,12.865200996398926,3.482584238052368,8.257857322692871,6.711318016052246,7.401341438293457,6.23787260055542,7.009941101074219,14.703417778015137,8.027525901794434,10.105388641357422,5.022157669067383,3.607041358947754,15.693532943725586,7.500112533569336,8.788335800170898,9.667312622070312,4.9150238037109375,13.765982627868652,10.555585861206055,8.841666221618652,16.22348403930664,10.478598594665527,5.50579309463501,14.484109878540039,9.75932502746582,11.929097175598145,14.84203052520752,9.65542221069336,8.30488395690918,7.545176029205322,7.55341100692749,8.716282844543457,12.056669235229492,7.096172332763672,9.988194465637207,8.860589027404785,3.886043071746826,6.2732930183410645,9.685298919677734,10.929376602172852,8.936853408813477,3.3941423892974854,11.81544017791748,10.924017906188965,8.110679626464844,6.007644176483154,4.062880992889404,15.286866188049316,6.4658918380737305,8.260102272033691,8.65927505493164,9.839570999145508,7.3017778396606445,7.468113899230957,3.845625877380371,10.017155647277832,8.367939949035645,12.040032386779785,9.11724853515625,6.805446624755859
3r1a_a,8.920430183410645,8.810070037841797,5.120568752288818,3.9259731769561768,10.428119659423828,6.046274185180664,6.856639629404526e-07,9.563368797302246,15.250999450683594,6.91294002532959,6.526476860046387,5.2693071365356445,4.228338718414307,6.563445568084717,9.228811264038086,6.1769561767578125,7.883159160614014,8.346664428710938,6.533369064331055,4.126184463500977,4.43282413482666,7.221357345581055,4.3997297286987305,6.135658264160156,8.419242858886719,7.195837497711182,11.418889045715332,5.239169120788574,3.7230114936828613,8.34412670135498,12.202251434326172,6.506807327270508,4.852304458618164,8.639906883239746,9.355551719665527,12.965447425842285,3.385434627532959,7.054213047027588,13.13597583770752,11.883183479309082,5.6086249351501465,8.028522491455078,13.04840087890625,6.963308334350586,8.899031639099121,9.843582153320312,6.232792854309082,5.875792980194092,11.62093448638916,9.522283554077148,5.3593549728393555,4.226154327392578,6.058572769165039,7.240242004394531,8.00449275970459,5.186025619506836,9.9854097366333,10.544355392456055,4.159198760986328,5.964343547821045,6.1610517501831055,8.303455352783203,8.341979026794434,14.347960472106934,8.197341918945312,4.287053108215332,5.562416076660156,8.310900688171387,11.479501724243164,6.229191303253174,4.390960693359375,10.359326362609863
2ocj_a,9.31450080871582,6.642228603363037,6.333219051361084,8.322175979614258,9.692071914672852,4.050743579864502,9.563368797302246,5.264614060251915e-07,10.596658706665039,10.366320610046387,12.02086067199707,12.231884002685547,12.707735061645508,13.256361961364746,9.213846206665039,7.232750415802002,8.49429702758789,3.800285577774048,3.1379833221435547,4.517887592315674,5.674830913543701,10.92651081085205,6.051018714904785,6.949655055999756,6.3325982093811035,4.446619033813477,4.747682094573975,4.131227016448975,5.628650665283203,10.431378364562988,4.06662130355835,6.511343479156494,9.010847091674805,9.267902374267578,3.630075693130493,10.468488693237305,7.019282817840576,7.451521396636963,4.953205108642578,8.652168273925781,6.115954399108887,5.3505120277404785,10.784334182739258,5.84234094619751,8.800352096557617,8.169549942016602,5.140378475189209,3.2909159660339355,9.059797286987305,3.9882519245147705,10.632733345031738,10.866456985473633,6.3648295402526855,6.389468193054199,4.976805686950684,4.830498218536377,13.125839233398438,6.2222700119018555,3.087794303894043,12.436698913574219,6.856511116027832,12.290387153625488,9.802824974060059,5.32378625869751,8.382704734802246,10.594683647155762,14.907247543334961,4.431219577789307,10.56787109375,5.16713809967041,7.932239055633545,7.562441825866699
2r1a_a,9.208508491516113,5.612314701080322,7.424947261810303,15.255231857299805,13.576496124267578,13.58988094329834,15.250999450683594,10.596658706665039,4.817478611585102e-07,9.247245788574219,15.327790260314941,9.717789649963379,9.033658027648926,3.413414716720581,7.474105358123779,8.049617767333984,9.091864585876465,11.82580280303955,4.823476314544678,5.017177581787109,5.130704879760742,9.465690612792969,9.5557861328125,4.75361442565918,3.709933280944824,11.811344146728516,5.633479595184326,8.29951286315918,3.9437716007232666,4.050379753112793,13.349133491516113,15.95239543914795,5.21480131149292,9.763949394226074,10.45287799835205,2.832346200942993,8.888971328735352,7.434084415435791,5.466668605804443,8.940391540527344,8.154152870178223,12.92507553100586,3.6294453144073486,6.764588356018066,8.064620018005371,9.437797546386719,8.041086196899414,12.875982284545898,6.401716709136963,7.424790382385254,4.800571441650391,6.194230079650879,3.573413610458374,12.919968605041504,11.848587036132812,7.077627182006836,12.413044929504395,7.463552951812744,3.922043800354004,5.309739589691162,9.33116340637207,7.760823726654053,11.286182403564453,11.300386428833008,8.340068817138672,10.079840660095215,13.89978313446045,13.804540634155273,3.861161708831787,9.061494827270508,5.240859031677246,6.38466215133667
3f1a_a,5.745315074920654,6.35500955581665,7.617682933807373,8.986898422241211,7.502899169921875,4.735926151275635,6.91294002532959,10.366320610046387,9.247245788574219,1.9768624781590916e-07,5.106598377227783,9.003874778747559,6.312596797943115,12.562054634094238,7.073678016662598,7.223476409912109,6.275372505187988,10.65178108215332,2.1717560291290283,12.752100944519043,9.830178260803223,3.3794567584991455,3.803717613220215,6.859499454498291,6.706235408782959,2.404963254928589,6.2929863929748535,10.488856315612793,9.477499008178711,5.455715179443359,5.813500881195068,7.133310317993164,10.952482223510742,9.705575942993164,3.3402559757232666,5.705710411071777,9.528571128845215,8.550588607788086,4.565724849700928,5.190441131591797,10.225543975830078,7.88454532623291,5.994049549102783,4.8177337646484375,9.628479957580566,10.797611236572266,8.878105163574219,5.523723602294922,3.6855382919311523,4.722214221954346,8.95838737487793,12.60425090789795,11.09473705291748,7.512683868408203,6.424338340759277,8.877254486083984,4.7940592765808105,7.194183826446533,10.723591804504395,10.744308471679688,11.225693702697754,10.857707023620605,8.666119575500488,5.243471622467041,6.274934768676758,4.253587245941162,6.963370323181152,3.4832985401153564,10.980798721313477,7.64731502532959,4.353842735290527,5.5340728759765625
2u1a_a,8.75106430053711,10.6629056930542,9.982295989990234,11.660622596740723,9.223627090454102,6.706228733062744,6.526477813720703,12.020862579345703,15.327791213989258,5.106598854064941,5.963630087535421e-07,3.564394950866699,5.358592987060547,6.191581726074219,9.84216594696045,8.822025299072266,11.167539596557617,6.906662464141846,5.828392028808594,3.718855381011963,11.515182495117188,7.93831205368042,5.319948673248291,13.426523208618164,14.706011772155762,7.743834972381592,6.203556537628174,3.3891477584838867,5.394763946533203,4.646533489227295,13.330353736877441,7.001423358917236,4.088634014129639,10.44754409790039,9.299765586853027,15.79164981842041,5.6101393699646,10.193111419677734,9.034738540649414,12.427351951599121,7.109645843505859,7.097254276275635,13.093144416809082,12.40474796295166,8.682756423950195,11.917007446289062,8.625371932983398,10.43903636932373,14.045701026916504,10.688371658325195,10.299580574035645,3.0742435455322266,6.153554439544678,4.976385116577148,11.831015586853027,5.406377792358398,7.00219202041626,11.96593952178955,8.673829078674316,8.075162887573242,7.648316383361816,6.952713966369629,11.871255874633789,10.11894702911377,10.786552429199219,5.600890159606934,3.3940846920013428,10.793283462524414,9.980658531188965,5.203031539916992,9.915654182434082,12.140240669250488
1s7m_a,9.924012184143066,6.0375494956970215,7.774272918701172,8.192048072814941,4.328835487365723,4.243407249450684,5.2693071365356445,12.23188304901123,9.717789649963379,9.003874778747559,3.564394950866699,6.862020995868079e-08,13.032454490661621,6.0980119705200195,8.060005187988281,4.870107650756836,6.7940239906311035,7.411588668823242,3.8000428676605225,14.783488273620605,12.41632080078125,13.269567489624023,11.615633964538574,12.729469299316406,9.273311614990234,10.176051139831543,4.920477390289307,4.122474670410156,12.419912338256836,5.518701553344727,5.37106990814209,13.967452049255371,13.743102073669434,6.987331867218018,8.35853099822998,5.3749308586120605,8.37830924987793,5.128345966339111,6.2156596183776855,10.713298797607422,6.8223772048950195,11.482194900512695,9.484138488769531,7.032153129577637,4.925502777099609,6.629867076873779,9.015583038330078,10.518756866455078,13.299016952514648,11.627775192260742,12.383296966552734,15.24979019165039,11.182785034179688,3.6409146785736084,4.774776935577393,9.06992244720459,1.9672526121139526,8.86510181427002,13.781630516052246,14.732514381408691,8.00774097442627,7.3690900802612305,5.937798976898193,9.881267547607422,7.640717506408691,10.892361640930176,14.159117698669434,6.0849504470825195,9.840072631835938,8.539070129394531,4.857088565826416,6.826570987701416
2x1a_a,2.9500086307525635,6.909394264221191,7.183162689208984,15.506141662597656,12.871377944946289,12.865200996398926,4.228338718414307,12.707735061645508,9.033658027648926,6.312596797943115,5.358592987060547,13.032455444335938,2.7833678473143664e-07,11.570837020874023,9.393163681030273,9.145203590393066,7.223445415496826,7.228018283843994,5.294017791748047,14.840802192687988,4.277432441711426,6.215251922607422,4.381580352783203,10.721636772155762,14.064459800720215,4.966739654541016,11.548110008239746,14.365565299987793,3.670234441757202,4.502304553985596,12.721755981445312,8.596440315246582,9.086329460144043,8.302841186523438,4.103696823120117,17.040393829345703,14.455148696899414,12.457521438598633,7.083672046661377,4.778400421142578,5.030138969421387,11.770489692687988,6.285867214202881,8.232168197631836,8.425899505615234,6.964715003967285,12.130900382995605,9.297989845275879,7.592697620391846,4.735671043395996,6.303473949432373,12.497029304504395,8.706673622131348,11.275500297546387,4.782435894012451,8.207070350646973,4.90746545791626,10.182694435119629,8.07156753540039,6.8896379470825195,9.531994819641113,4.427328109741211,6.472468376159668,14.179769515991211,8.330065727233887,6.605449676513672,7.761641979217529,2.905409097671509,10.345976829528809,9.736050605773926,12.092317581176758,6.279289722442627
1j3h_a,11.250493049621582,4.974306106567383,10.890454292297363,9.882062911987305,10.79280948638916,3.482584238052368,6.563445568084717,13.256361961364746,3.4134140014648438,12.562054634094238,6.191582679748535,6.0980119705200195,11.570837020874023,9.137218626165122e-08,5.89015007019043,3.650902509689331,5.400784969329834,9.458680152893066,6.665749549865723,7.582225322723389,8.909768104553223,12.163552284240723,11.558213233947754,9.7916898727417,10.243708610534668,3.9031059741973877,4.650142192840576,2.8906655311584473,13.364664077758789,4.92666482925415,2.847288131713867,14.056127548217773,6.690710544586182,7.184072017669678,3.875864267349243,3.3689632415771484,7.671050071716309,5.445345878601074,3.2516679763793945,3.771787643432617,4.361738681793213,9.141451835632324,9.2621488571167,7.584472179412842,6.47497034072876,8.726133346557617,6.256634712219238,5.534904956817627,9.008902549743652,10.264957427978516,9.441548347473145,11.083365440368652,5.964844226837158,10.210304260253906,4.6342854499816895,8.284950256347656,5.690108299255371,10.985198020935059,12.255029678344727,12.608505249023438,7.247832775115967,10.365893363952637,4.191122531890869,9.272163391113281,6.225726127624512,10.138544082641602,12.904994010925293,2.7327163219451904,7.506004810333252,5.8974151611328125,5.127969264984131,6.593295097351074
1g65_a,7.907903671264648,5.714939117431641,5.711564540863037,8.367222785949707,9.105710983276367,8.257857322692871,9.228811264038086,9.213846206665039,7.4741058349609375,7.073678493499756,9.84216594696045,8.060005187988281,9.393163681030273,5.89015007019043,5.9069645175213736e-08,4.960634231567383,5.35195779800415,10.782920837402344,4.661799907684326,9.15919017791748,8.52138614654541,8.555489540100098,4.244083881378174,9.047158241271973,10.806766510009766,9.443318367004395,6.0531768798828125,9.31310749053955,9.017297744750977,6.852931022644043,5.274128437042236,7.3778181076049805,7.021709442138672,2.960343599319458,9.096137046813965,9.269139289855957,10.533992767333984,10.497980117797852,9.317670822143555,9.276494026184082,7.518622398376465,6.70510721206665,7.052868843078613,8.530464172363281,6.779200553894043,6.030880451202393,7.760119915008545,10.276080131530762,9.216620445251465,6.5072526931762695,6.636623382568359,6.508852958679199,6.764523983001709,5.656410217285156,7.438410758972168,6.421383857727051,8.553670883178711,8.096182823181152,9.380436897277832,8.474781036376953,3.7467172145843506,5.838857173919678,5.195922374725342,9.355952262878418,7.021596431732178,7.815214157104492,8.22037410736084,10.634050369262695,5.533632755279541,5.8505024909973145,7.62177848815918,6.690435886383057
1n1d_a,7.59707498550415,3.054455280303955,9.131409645080566,5.984898090362549,10.283783912658691,6.711317539215088,6.1769561767578125,7.232750415802002,8.049617767333984,7.223476886749268,8.822026252746582,4.870107650756836,9.145203590393066,3.65090274810791,4.960634231567383,2.3546664351670188e-07,5.258248329162598,5.530036449432373,9.043661117553711,12.577313423156738,8.948688507080078,4.271246910095215,8.105310440063477,10.410909652709961,12.249893188476562,3.5597877502441406,7.0551228523254395,8.058412551879883,7.643607139587402,9.020781517028809,9.20145320892334,7.62535285949707,12.434150695800781,3.5226240158081055,4.227643013000488,9.257685661315918,4.544105052947998,4.416952133178711,11.015542030334473,8.715218544006348,8.449317932128906,3.417787551879883,5.304620742797852,7.655422210693359,2.9038782119750977,3.185575008392334,7.131221294403076,4.509156703948975,10.895829200744629,6.079128265380859,7.62439489364624,11.853240013122559,10.897761344909668,9.300268173217773,6.730672359466553,4.5962347984313965,9.717509269714355,5.012939453125,10.490485191345215,10.678296089172363,7.5812668800354,3.9426352977752686,5.933466911315918,6.199126720428467,4.5076165199279785,4.150332927703857,5.195552825927734,4.860342502593994,3.3830997943878174,6.450439929962158,8.188920021057129,6.394838809967041
1mbd_a,9.319343566894531,3.9431469440460205,7.7835211753845215,8.145644187927246,10.578032493591309,7.401341915130615,7.8831586837768555,8.494297981262207,9.091864585876465,6.275372505187988,11.167539596557617,6.794024467468262,7.223445415496826,5.400784969329834,5.35195779800415,5.258248329162598,2.9850943406017905e-07,6.027811527252197,10.382664680480957,10.437748908996582,7.941235542297363,3.5841119289398193,8.415258407592773,8.242517471313477,8.739058494567871,4.4069743156433105,2.601938486099243,5.778575897216797,8.20868968963623,11.595575332641602,5.039331436157227,7.301618576049805,12.369324684143066,4.4844794273376465,3.755542278289795,7.641382217407227,4.082741737365723,3.631152391433716,10.891843795776367,11.062325477600098,9.054967880249023,4.734737873077393,6.5558366775512695,6.385476112365723,4.37100887298584,3.567188024520874,4.888318061828613,4.094688415527344,10.132820129394531,6.6631975173950195,8.837584495544434,8.569494247436523,11.988682746887207,9.626319885253906,2.83933424949646,2.5254147052764893,10.806862831115723,4.334432125091553,9.783512115478516,9.82913875579834,7.0858073234558105,4.356107711791992,3.433729648590088,9.689096450805664,4.644056797027588,4.365923881530762,7.358047008514404,4.182055950164795,4.243277072906494,6.425728797912598,6.898092269897461,6.1106133460998535
1y3a_a,10.86977767944336,11.381630897521973,7.649834156036377,13.775043487548828,5.500876426696777,6.23787260055542,8.346664428710938,3.800286054611206,11.825801849365234,10.65178108215332,6.906662464141846,7.411588191986084,7.228017807006836,9.45867919921875,10.78292179107666,5.530036926269531,6.027810573577881,1.7188087042541156e-07,7.787592887878418,8.113420486450195,10.230024337768555,11.444408416748047,11.541701316833496,3.8312251567840576,4.410309791564941,13.760856628417969,8.890660285949707,8.952401161193848,7.2445502281188965,6.993008613586426,4.086994647979736,14.68819522857666,3.5963501930236816,7.918604373931885,15.861809730529785,6.9798712730407715,4.017596244812012,7.065688610076904,11.080816268920898,3.825972080230713,8.645997047424316,14.956718444824219,14.41589069366455,6.674407958984375,12.335598945617676,10.785175323486328,4.586991786956787,8.754749298095703,3.7639832496643066,5.304319858551025,4.53474235534668,6.499961853027344,5.650296211242676,4.920807361602783,9.000173568725586,12.20324993133545,7.625895023345947,10.315264701843262,10.66720199584961,3.622934103012085,10.206656455993652,5.617430686950684,5.476179599761963,9.045781135559082,7.349712371826172,9.555495262145996,16.740859985351562,14.76624584197998,12.131860733032227,5.048236846923828,5.8300371170043945,11.847752571105957
3a1a_a,6.813465118408203,7.206855297088623,8.732950210571289,5.037622928619385,3.5560243129730225,7.009941577911377,6.533369064331055,3.1379830837249756,4.823476314544678,2.1717562675476074,5.828392028808594,3.8000433444976807,5.294017791748047,6.6657490730285645,4.661799907684326,9.043661117553711,10.382664680480957,7.787592887878418,5.83794701469742e-07,11.710098266601562,11.172659873962402,3.4362194538116455,7.6566643714904785,12.044095993041992,14.131511688232422,7.917041301727295,4.550806045532227,7.789546966552734,7.115874767303467,4.925042152404785,10.979833602905273,8.427092552185059,10.579837799072266,9.792096138000488,9.07487964630127,8.016122817993164,4.74946928024292,3.4079184532165527,10.808448791503906,3.392775058746338,10.82226276397705,3.7511560916900635,8.551865577697754,10.459922790527344,5.072790622711182,9.128875732421875,6.932890892028809,7.998331546783447,10.209565162658691,10.720226287841797,7.650784492492676,7.359893798828125,11.296133041381836,3.5120415687561035,10.640759468078613,3.091231107711792,3.711278200149536,4.743340969085693,11.974199295043945,7.505003929138184,10.977165222167969,10.037979125976562,10.874685287475586,5.367982387542725,9.404572486877441,4.22603178024292,5.241090774536133,12.025982856750488,6.9546027183532715,9.17080020904541,8.584951400756836,9.071544647216797
1b10_a,8.16694450378418,7.631418228149414,7.159773349761963,15.513412475585938,3.3586299419403076,14.703417778015137,4.126184463500977,4.517887592315674,5.017178058624268,12.752100944519043,3.718855381011963,14.783486366271973,14.840803146362305,7.582225799560547,9.15919017791748,12.577313423156738,10.437748908996582,8.113420486450195,11.710099220275879,0.0,5.865872383117676,7.417875289916992,6.40264368057251,3.5027384757995605,3.4398839473724365,8.203484535217285,4.970632076263428,7.5391459465026855,12.982566833496094,15.601081848144531,12.658187866210938,1.9953465461730957,11.914546966552734,8.541738510131836,6.883502960205078,2.18866229057312,11.960137367248535,6.201230049133301,7.15029764175415,7.484597206115723,11.311422348022461,8.628281593322754,4.60883903503418,7.043309211730957,6.803253173828125,5.573761940002441,7.625935077667236,11.749624252319336,4.881012439727783,4.804922580718994,12.945113182067871,7.9290595054626465,11.233307838439941,8.275995254516602,4.852786540985107,10.685003280639648,3.9720892906188965,5.733954429626465,4.506071090698242,12.969741821289062,11.416118621826172,7.067996978759766,11.417957305908203,14.952585220336914,9.093348503112793,11.427032470703125,9.951393127441406,6.048494338989258,5.495042324066162,6.584452152252197,8.877251625061035,7.986786365509033
3l1a_a,12.256558418273926,5.667278289794922,5.418160438537598,12.148652076721191,5.462266445159912,8.02752685546875,4.43282413482666,5.674830436706543,5.1307053565979,9.830178260803223,11.515182495117188,12.41632080078125,4.277432441711426,8.909768104553223,8.52138614654541,8.948687553405762,7.941235542297363,10.230024337768555,11.172659873962402,5.865871906280518,2.214715664194955e-07,5.2043375968933105,4.637843608856201,8.505217552185059,5.327507495880127,6.500932693481445,8.027636528015137,6.847222328186035,3.9143781661987305,13.033385276794434,4.632279872894287,9.619132041931152,11.193921089172363,6.921966552734375,6.1285786628723145,4.881740093231201,9.058978080749512,6.188453197479248,10.341352462768555,5.016824722290039,5.908304691314697,6.216664791107178,8.227926254272461,5.273613452911377,8.324460983276367,5.4348320960998535,6.928650856018066,10.52241039276123,10.434258460998535,3.1906497478485107,11.52664852142334,9.844223022460938,9.311002731323242,2.99539852142334,7.798496723175049,10.977899551391602,9.085261344909668,4.233503818511963,4.763812065124512,12.38703727722168,6.759349346160889,10.987728118896484,8.140480041503906,4.645825386047363,7.180072784423828,4.4040141105651855,4.348048210144043,4.451197624206543,6.3386712074279785,8.807144165039062,6.1778154373168945,5.0558857917785645
3o1a_a,6.359982490539551,9.047874450683594,3.6872875690460205,14.12459659576416,11.702311515808105,10.105388641357422,7.221357345581055,10.92651081085205,9.465690612792969,3.3794567584991455,7.93831205368042,13.269567489624023,6.215251922607422,12.163552284240723,8.555489540100098,4.271246910095215,3.5841119289398193,11.44440746307373,3.4362199306488037,7.417875289916992,5.204337120056152,4.6316012003444484e-07,7.345325469970703,5.533329010009766,6.597793102264404,7.145859718322754,4.334837913513184,9.999228477478027,4.21820068359375,4.933965682983398,6.254105567932129,10.334317207336426,6.344557762145996,4.112454414367676,10.057353973388672,13.503925323486328,10.160139083862305,11.313512802124023,6.101168155670166,5.082858085632324,5.596874237060547,10.91256332397461,8.19804859161377,4.875982284545898,6.134124279022217,8.214027404785156,6.105815410614014,5.146432399749756,4.022395610809326,8.342293739318848,5.6871209144592285,9.270243644714355,4.483945846557617,8.285863876342773,8.471447944641113,8.62982177734375,4.67774772644043,9.169944763183594,4.874699115753174,7.896028518676758,4.311993598937988,4.679333686828613,5.9219279289245605,12.356637001037598,4.766951084136963,5.693827152252197,8.76024341583252,6.918222904205322,10.692099571228027,9.175371170043945,6.524837493896484,7.599584579467773
3k1a_a,8.973644256591797,6.497460842132568,7.370346546173096,10.032242774963379,3.5510101318359375,5.022157669067383,4.399729251861572,6.051018714904785,9.5557861328125,3.803717851638794,5.319948673248291,11.615633964538574,4.381579875946045,11.558213233947754,4.244083404541016,8.105310440063477,8.415258407592773,11.541701316833496,7.65666389465332,6.40264368057251,4.637843608856201,7.345324993133545,2.619663064251654e-07,9.266488075256348,10.059664726257324,4.94931173324585,4.436740875244141,3.3672783374786377,9.426546096801758,8.525938987731934,3.654877185821533,7.893938064575195,7.145211696624756,3.734436511993408,7.7479987144470215,5.788094997406006,7.373209476470947,7.4296875,10.818424224853516,9.812054634094238,8.828283309936523,7.508411407470703,11.066787719726562,7.394875526428223,5.685164928436279,8.709328651428223,5.002641201019287,4.536324977874756,11.542255401611328,8.7603759765625,4.539905548095703,5.980147361755371,8.626605033874512,4.545563697814941,8.31505012512207,3.1599912643432617,7.335656642913818,6.932753562927246,10.425787925720215,4.320754528045654,8.33893871307373,7.683854579925537,9.336048126220703,10.950551986694336,8.589006423950195,3.9724810123443604,9.038153648376465,7.573790550231934,11.298450469970703,6.287216663360596,7.008337020874023,9.45906925201416
2v1a_a,6.204048156738281,8.788905143737793,7.435513019561768,11.00297737121582,12.98184871673584,3.607041358947754,6.135657787322998,6.949655055999756,4.75361442565918,6.859499931335449,13.426523208618164,12.729469299316406,10.721637725830078,9.7916898727417,9.047159194946289,10.410909652709961,8.242517471313477,3.831225633621216,12.044095993041992,3.5027384757995605,8.505217552185059,5.533329486846924,9.266488075256348,3.588674815091508e-07,4.436017990112305,9.348909378051758,6.854066371917725,6.031652450561523,12.277447700500488,10.057002067565918,6.420514106750488,6.267795562744141,10.227561950683594,6.101109981536865,10.404716491699219,12.157302856445312,9.861042022705078,8.383260726928711,4.267518997192383,8.551665306091309,4.312653541564941,3.33434796333313,4.811148643493652,6.141889572143555,5.412950038909912,5.081054210662842,5.413557529449463,9.570816993713379,6.776737689971924,4.388518333435059,12.412259101867676,6.811733245849609,9.094827651977539,6.662165641784668,6.105600357055664,7.871974468231201,12.891170501708984,6.552840709686279,6.272544860839844,11.647613525390625,7.13332462310791,10.244077682495117,7.366191387176514,3.7237958908081055,8.027749061584473,4.762005805969238,3.6232903003692627,8.287818908691406,4.624700546264648,3.7634804248809814,7.973304271697998,5.359659194946289
2c3a_a,7.819008827209473,9.989852905273438,9.82400131225586,10.84228229522705,14.568321228027344,15.693532943725586,8.419242858886719,6.3325982093811035,3.7099335193634033,6.706235408782959,14.706012725830078,9.273311614990234,14.064459800720215,10.243708610534668,10.806766510009766,12.249893188476562,8.739057540893555,4.410309314727783,14.131511688232422,3.439884662628174,5.327507495880127,6.5977935791015625,10.059664726257324,4.436017990112305,2.8398346785252215e-07,10.507206916809082,12.154409408569336,7.22545862197876,15.109480857849121,14.23365592956543,8.614361763000488,5.644686222076416,13.962957382202148,7.953769207000732,11.276670455932617,13.907063484191895,10.081133842468262,9.437897682189941,8.782130241394043,9.922971725463867,6.968742847442627,4.183769702911377,6.247434616088867,6.539164066314697,7.715950965881348,6.1018900871276855,6.389008045196533,9.780228614807129,9.596961975097656,6.018610000610352,15.889451026916504,8.78254508972168,12.279006004333496,8.371857643127441,6.33536958694458,10.367897987365723,5.816427707672119,8.850896835327148,8.498151779174805,14.956262588500977,8.445096015930176,12.106576919555664,8.18144416809082,5.676761150360107,9.271240234375,8.844861030578613,3.427830457687378,7.422691345214844,5.065098285675049,6.745421409606934,8.227657318115234,7.171306133270264
3t1a_a,11.268876075744629,9.079176902770996,4.756252765655518,6.9164347648620605,7.447540760040283,7.500112533569336,7.195837497711182,4.446619033813477,11.811344146728516,2.4049630165100098,7.743834972381592,10.176051139831543,4.966739654541016,3.903106451034546,9.443318367004395,3.5597877502441406,4.4069743156433105,13.760856628417969,7.917042255401611,8.203484535217285,6.500932693481445,7.145860195159912,4.94931173324585,9.348909378051758,10.507206916809082,3.0993876976026513e-07,10.28214168548584,4.39939022064209,7.8606414794921875,10.568902015686035,11.471772193908691,5.156315326690674,9.122535705566406,9.680493354797363,5.575084686279297,14.298999786376953,8.366413116455078,11.379107475280762,12.74010944366455,12.615860939025879,9.177329063415527,5.621057987213135,10.6397705078125,7.257514953613281,3.5288827419281006,8.231107711791992,5.526907444000244,7.374773025512695,12.111681938171387,6.6186370849609375,3.6136560440063477,4.826450824737549,8.597269058227539,5.089633464813232,7.934262752532959,9.830821990966797,5.650398254394531,8.255184173583984,5.631070613861084,4.578050136566162,4.956075191497803,4.22165584564209,4.298161029815674,13.45569896697998,6.806192398071289,4.252511978149414,4.491256237030029,5.501577377319336,7.495121002197266,8.35173511505127,5.040666580200195,9.918952941894531
3d1a_a,9.04762077331543,5.470032691955566,7.488557815551758,6.861506462097168,7.035667896270752,8.788336753845215,11.418889045715332,4.747682094573975,5.633479595184326,6.2929863929748535,6.203556537628174,4.920477390289307,11.548110008239746,4.650142192840576,6.0531768798828125,7.0551228523254395,2.601938486099243,8.890660285949707,4.550806045532227,4.970632553100586,8.027636528015137,4.334838390350342,4.436741352081299,6.854065895080566,12.154407501220703,10.282140731811523,5.110902634442027e-07,6.011228084564209,10.183429718017578,7.592963695526123,4.3755106925964355,12.147356033325195,8.761676788330078,5.7865166664123535,11.036848068237305,6.059666633605957,4.528608322143555,5.83841609954834,5.906886577606201,9.041951179504395,4.883029460906982,8.59960651397705,9.941743850708008,9.13674259185791,5.3545002937316895,7.765486717224121,4.564211368560791,9.829792022705078,8.996756553649902,3.2664382457733154,10.335307121276855,10.4242582321167,7.0013041496276855,3.2237846851348877,6.430525302886963,7.434327602386475,3.4849026203155518,6.444792747497559,5.9694437980651855,9.724431037902832,6.135146617889404,5.166322708129883,0.7508884072303772,5.045436859130859,5.302497863769531,8.148499488830566,9.31470012664795,11.849197387695312,9.399662017822266,4.0962395668029785,8.10662841796875,8.423644065856934
2j1a_a,3.4764392375946045,8.623119354248047,7.238414764404297,7.433042049407959,6.537915229797363,9.667311668395996,5.239169120788574,4.131227016448975,8.29951286315918,10.488855361938477,3.389148235321045,4.122474193572998,14.365565299987793,2.8906655311584473,9.31310749053955,8.058412551879883,5.778575897216797,8.952401161193848,7.789546966552734,7.5391459465026855,6.847222328186035,9.999229431152344,3.367278575897217,6.031651496887207,7.225458145141602,4.39939022064209,6.011228084564209,1.0505054603981989e-07,9.921114921569824,9.166877746582031,12.591862678527832,4.994255065917969,13.548354148864746,8.37442684173584,5.684569835662842,13.770105361938477,3.185774087905884,11.395830154418945,9.171416282653809,4.288296222686768,4.291610240936279,6.370378494262695,3.4496212005615234,5.338658809661865,9.845125198364258,5.364830017089844,4.738888263702393,4.806904315948486,6.471685886383057,4.4399094581604,13.483569145202637,12.225129127502441,9.386983871459961,7.7854766845703125,4.16303825378418,11.950201988220215,3.2374868392944336,6.328189373016357,6.260468006134033,14.694085121154785,4.901334285736084,11.074170112609863,6.258901596069336,3.6847589015960693,6.618823051452637,8.055597305297852,8.164862632751465,3.2353715896606445,3.2248902320861816,7.326015949249268,6.741460800170898,5.079208850860596
1e8x_a,4.612375259399414,7.9377875328063965,8.256022453308105,14.066603660583496,5.131892204284668,4.9150238037109375,3.7230114936828613,5.628651142120361,3.9437713623046875,9.477499008178711,5.394763946533203,12.419912338256836,3.670234441757202,13.364664077758789,9.017297744750977,7.643607139587402,8.20868968963623,7.244549751281738,7.115875244140625,12.982566833496094,3.9143784046173096,4.21820068359375,9.426546096801758,12.277446746826172,15.109480857849121,7.8606414794921875,10.183429718017578,9.921113967895508,1.9036197329569404e-07,6.799354553222656,2.788499116897583,8.086690902709961,7.002506732940674,5.560290336608887,8.067736625671387,14.510144233703613,11.697088241577148,11.08325481414795,4.746603965759277,5.602179050445557,6.7129106521606445,2.7745723724365234,7.869718074798584,11.914175987243652,7.137517929077148,7.337442874908447,9.010856628417969,8.488061904907227,10.411707878112793,9.508237838745117,3.8617067337036133,11.438573837280273,5.730615615844727,11.44272232055664,4.35275936126709,10.740156173706055,5.207159996032715,3.7385778427124023,10.491901397705078,5.147151947021484,6.528318881988525,7.252755165100098,6.403497695922852,7.259426116943359,9.965229034423828,3.7768101692199707,11.86662769317627,7.356903553009033,10.775006294250488,8.642026901245117,12.014230728149414,5.820593357086182
2y1a_a,5.254608631134033,7.9207611083984375,10.640989303588867,6.150791645050049,4.195086479187012,13.765981674194336,8.34412670135498,10.431378364562988,4.050379753112793,5.455714225769043,4.646533966064453,5.518701553344727,4.502304553985596,4.926665306091309,6.852930545806885,9.020781517028809,11.595575332641602,6.993008613586426,4.925042152404785,15.601081848144531,13.033385276794434,4.933965682983398,8.525938034057617,10.057002067565918,14.233656883239746,10.568902015686035,7.592963695526123,9.166877746582031,6.799354553222656,1.1397196431062184e-07,13.23655891418457,8.343693733215332,9.646159172058105,10.394210815429688,10.96009349822998,5.214866638183594,7.111701965332031,4.51595401763916,10.7824125289917,2.8752448558807373,10.096952438354492,4.074211120605469,7.14932107925415,11.191858291625977,5.753787040710449,8.69961166381836,11.441828727722168,11.274792671203613,11.242964744567871,8.368382453918457,5.6216020584106445,8.78744888305664,9.838519096374512,4.855854034423828,7.297211170196533,3.9148924350738525,6.108051776885986,5.502162456512451,7.6763787269592285,5.808419227600098,11.60539722442627,9.183615684509277,11.55345630645752,3.04707407951355,10.558239936828613,5.32674503326416,2.780776023864746,12.329440116882324,6.604369640350342,10.759407043457031,9.637067794799805,9.203577995300293
1g8a_a,6.1352081298828125,6.794374465942383,6.645556926727295,4.780099391937256,7.441318035125732,10.555585861206055,12.202250480651855,4.06662130355835,13.349133491516113,5.813500881195068,13.330353736877441,5.37106990814209,12.721755981445312,2.847288131713867,5.274127960205078,9.20145320892334,5.039331436157227,4.086994647979736,10.979833602905273,12.658186912536621,4.632279872894287,6.254106521606445,3.654876947402954,6.420514106750488,8.614361763000488,11.471771240234375,4.3755106925964355,12.591862678527832,2.788499355316162,13.23655891418457,3.149754377318459e-07,5.336282253265381,14.438807487487793,9.214727401733398,11.503915786743164,5.975399971008301,7.181732177734375,6.421302318572998,12.832630157470703,12.592097282409668,8.349952697753906,11.666906356811523,6.912346839904785,6.833828449249268,10.795454025268555,6.65619421005249,11.520309448242188,10.621095657348633,3.2495453357696533,7.466339588165283,12.21639347076416,9.640722274780273,14.315760612487793,9.812417984008789,5.524152755737305,4.305538654327393,11.726866722106934,5.138242244720459,7.542643070220947,12.2957763671875,7.5971574783325195,7.845267295837402,3.905104637145996,9.82237720489502,5.993292808532715,8.436076164245605,4.679409027099609,13.713984489440918,2.8589797019958496,8.411088943481445,9.656850814819336,9.40024185180664
1d7b_a,13.590417861938477,9.219134330749512,8.876672744750977,17.0672664642334,3.7687408924102783,8.841666221618652,6.506807327270508,6.511343955993652,15.95239543914795,7.133310317993164,7.0014238357543945,13.967452049255371,8.596440315246582,14.05612850189209,7.3778181076049805,7.62535285949707,7.301618576049805,14.68819522857666,8.427091598510742,1.9953465461730957,9.619132041931152,10.33431625366211,7.893939018249512,6.267795562744141,5.644686222076416,5.156314849853516,12.147356986999512,4.994255065917969,8.086690902709961,8.343693733215332,5.336281776428223,6.597025503651821e-08,3.7423715591430664,9.569794654846191,5.084527969360352,1.921747088432312,11.342166900634766,10.108229637145996,6.1119608879089355,15.88589859008789,13.803452491760254,5.639237880706787,14.00472640991211,7.816823959350586,9.935673713684082,8.758588790893555,6.426009654998779,7.831539154052734,9.82242202758789,5.552770137786865,9.749178886413574,4.809695720672607,6.912042140960693,7.722916603088379,6.016305923461914,9.49720287322998,11.39052677154541,8.952548027038574,4.8134894371032715,6.535467147827148,10.31027889251709,5.353094100952148,7.624356746673584,16.586910247802734,8.476412773132324,7.58064603805542,14.719182968139648,2.63346529006958,12.592718124389648,8.279841423034668,5.673253059387207,11.149527549743652
1qm0_a,6.466395854949951,7.165173053741455,9.429594039916992,9.918499946594238,6.1307053565979,16.22348403930664,4.852304458618164,9.010847091674805,5.214800834655762,10.952481269836426,4.088634014129639,13.743102073669434,9.086329460144043,6.690711498260498,7.021709442138672,12.434150695800781,12.369324684143066,3.5963497161865234,10.579837799072266,11.914546966552734,11.193920135498047,6.344557762145996,7.145211219787598,10.227561950683594,13.962957382202148,9.12253475189209,8.761676788330078,13.548354148864746,7.002506732940674,9.646159172058105,14.438806533813477,3.7423713207244873,1.5210866877168883e-07,9.866506576538086,7.662526607513428,7.875782012939453,13.965291976928711,4.181959629058838,5.015825271606445,5.499663352966309,10.02950382232666,9.354085922241211,4.723102569580078,12.169252395629883,5.767845630645752,5.281748294830322,13.328048706054688,14.88676929473877,5.928149223327637,5.795219898223877,9.930317878723145,5.981003284454346,5.156215190887451,7.51141357421875,5.382443904876709,4.874059677124023,6.130177021026611,5.977609634399414,9.952960014343262,5.9520087242126465,12.04445743560791,4.602090835571289,11.920291900634766,12.224257469177246,11.422565460205078,9.511407852172852,6.258816242218018,9.841499328613281,5.116909503936768,8.49837589263916,13.889217376708984,8.927922248840332
2a2a_a,5.939953327178955,5.728183746337891,6.787151336669922,8.676173210144043,9.644844055175781,10.478598594665527,8.639906883239746,9.267902374267578,9.763949394226074,9.705575942993164,10.44754409790039,6.987331867218018,8.302841186523438,7.184072017669678,2.960343599319458,3.5226240158081055,4.4844794273376465,7.918604373931885,9.792096138000488,8.541738510131836,6.921966552734375,4.112454891204834,3.734436273574829,6.101109981536865,7.953769207000732,9.680493354797363,5.7865166664123535,8.37442684173584,5.560290336608887,10.394210815429688,9.214727401733398,9.569794654846191,9.866506576538086,6.785020900679228e-07,9.564446449279785,7.935985565185547,5.252147674560547,6.322995662689209,11.167362213134766,9.653055191040039,4.8960862159729,10.163009643554688,7.733636379241943,4.230192184448242,9.514060020446777,6.62034273147583,7.598862648010254,7.648174285888672,6.506860256195068,6.3557610511779785,6.694430828094482,7.2545084953308105,9.042052268981934,9.188525199890137,7.938440322875977,6.006098747253418,9.871733665466309,6.533133506774902,6.799711227416992,6.949124813079834,3.8547985553741455,9.505288124084473,6.389286041259766,9.151671409606934,2.2006869316101074,6.927834987640381,7.377643585205078,11.00627326965332,8.363313674926758,6.621744155883789,5.998920917510986,5.655357360839844
2n1a_a,14.124412536621094,7.385861873626709,5.757628440856934,3.9963748455047607,6.743842124938965,5.50579309463501,9.355551719665527,3.630075693130493,10.45287799835205,3.3402557373046875,9.299765586853027,8.358530044555664,4.103697299957275,3.875864267349243,9.096137046813965,4.227643013000488,3.755542278289795,15.861810684204102,9.07487964630127,6.88350248336792,6.1285786628723145,10.057353973388672,7.747998237609863,10.404716491699219,11.276670455932617,5.575084209442139,11.036847114562988,5.684569835662842,8.067736625671387,10.96009349822998,11.503915786743164,5.084527969360352,7.662526607513428,9.564446449279785,0.0,16.00929069519043,6.877225399017334,13.698570251464844,13.37052059173584,14.420454978942871,9.408281326293945,3.1934814453125,11.536630630493164,7.602462291717529,4.318883895874023,9.04903793334961,8.092164993286133,8.867955207824707,13.331665992736816,4.894439220428467,4.737569332122803,2.45196795463562,9.486719131469727,4.341802597045898,9.063255310058594,10.955455780029297,6.6238813400268555,7.568694114685059,7.309533596038818,3.618504524230957,5.318389892578125,4.607787132263184,4.049875259399414,12.900663375854492,6.997241497039795,4.809206485748291,7.38504695892334,7.015102863311768,8.930774688720703,10.181896209716797,6.247937202453613,9.32990837097168
3c1a_a,6.250431537628174,10.391554832458496,11.711759567260742,2.469167947769165,13.34715461730957,14.484108924865723,12.965447425842285,10.468488693237305,2.832346200942993,5.705710411071777,15.79164981842041,5.374931335449219,17.040393829345703,3.3689630031585693,9.269140243530273,9.257685661315918,7.641383171081543,6.9798712730407715,8.016122817993164,2.188662528991699,4.881739616394043,13.503925323486328,5.788094997406006,12.157302856445312,13.907061576843262,14.298999786376953,6.059666156768799,13.770105361938477,14.510144233703613,5.214866638183594,5.975399971008301,1.921746850013733,7.875782012939453,7.935985565185547,16.00929069519043,1.0272510735376272e-06,7.932863235473633,7.338344573974609,5.212411880493164,10.48225212097168,7.843910217285156,9.996516227722168,9.767647743225098,12.219873428344727,8.837343215942383,9.843937873840332,6.313869953155518,13.09303092956543,12.33974838256836,10.893987655639648,12.652739524841309,10.025726318359375,6.4599690437316895,10.26589298248291,9.106829643249512,8.75516128540039,6.877099990844727,13.178655624389648,14.369284629821777,15.610878944396973,6.611416816711426,7.645633220672607,6.266178607940674,2.4272916316986084,10.271836280822754,12.865644454956055,10.019009590148926,15.59082317352295,10.161515235900879,6.288691997528076,12.068034172058105,10.730135917663574
3w1a_a,2.9124603271484375,8.121567726135254,8.52283000946045,13.619427680969238,2.739062786102295,9.75932502746582,3.38543438911438,7.019282817840576,8.888971328735352,9.528571128845215,5.6101393699646,8.37830924987793,14.455148696899414,7.671051025390625,10.533992767333984,4.54410457611084,4.082741737365723,4.0175957679748535,4.749469757080078,11.960137367248535,9.058978080749512,10.160139083862305,7.373209476470947,9.861042022705078,10.081133842468262,8.366413116455078,4.528608322143555,3.185774087905884,11.697088241577148,7.1117024421691895,7.181732177734375,11.342167854309082,13.965291976928711,5.252147674560547,6.877225875854492,7.932863235473633,2.620153054522234e-07,3.7256522178649902,6.576671123504639,8.64417839050293,7.484437465667725,10.216568946838379,5.466771125793457,6.57422399520874,5.806051731109619,6.480301380157471,5.808305263519287,6.31434965133667,12.134624481201172,7.001058101654053,11.536469459533691,14.143425941467285,12.830254554748535,5.209360599517822,5.255839824676514,11.888131141662598,5.039055347442627,4.960309982299805,8.6809663772583,15.03000545501709,8.992487907409668,8.099360466003418,4.589714527130127,11.414901733398438,4.730861186981201,10.303385734558105,14.34091854095459,6.722654819488525,7.824536323547363,5.40093469619751,4.373184680938721,5.832361698150635
2g1a_a,10.681746482849121,10.286125183105469,6.588813781738281,9.859034538269043,8.709959030151367,11.929097175598145,7.054213047027588,7.451521396636963,7.434083938598633,8.550588607788086,10.193111419677734,5.128345966339111,12.457521438598633,5.445345401763916,10.497980117797852,4.416952133178711,3.6311521530151367,7.0656890869140625,3.407918691635132,6.201230049133301,6.188453197479248,11.313511848449707,7.4296875,8.383260726928711,9.437896728515625,11.379107475280762,5.8384175300598145,11.395830154418945,11.08325481414795,4.51595401763916,6.421302318572998,10.108229637145996,4.181960105895996,6.322995662689209,13.698569297790527,7.338344573974609,3.7256522178649902,2.9912249033259286e-07,8.859127044677734,3.416551351547241,8.30408000946045,13.095362663269043,11.393077850341797,8.326982498168945,9.683497428894043,7.008434772491455,6.195492267608643,8.63791275024414,7.367197513580322,5.447019100189209,6.489006042480469,7.810797214508057,3.927342176437378,6.530731678009033,6.350650310516357,10.515236854553223,3.7578136920928955,9.51518440246582,9.933094024658203,10.093587875366211,6.031464576721191,6.368450164794922,3.973428249359131,5.877429962158203,6.1631293296813965,10.75898551940918,14.248311996459961,12.12486743927002,9.078964233398438,4.3470282554626465,8.353650093078613,10.725568771362305
1jj2_b,10.117125511169434,10.173565864562988,8.610912322998047,6.132853984832764,4.224061965942383,14.84203052520752,13.13597583770752,4.953205585479736,5.466669082641602,4.565724849700928,9.034737586975098,6.2156596183776855,7.083672523498535,3.2516679763793945,9.317670822143555,11.015541076660156,10.89184284210205,11.080815315246582,10.808448791503906,7.150298118591309,10.341352462768555,6.101168155670166,10.8184232711792,4.267519950866699,8.782129287719727,12.74010944366455,5.906886577606201,9.171416282653809,4.746603965759277,10.7824125289917,12.832629203796387,6.1119608879089355,5.015824794769287,11.167362213134766,13.37052059173584,5.212411880493164,6.576671123504639,8.859127044677734,5.986113933431625e-07,9.644658088684082,10.666129112243652,4.089878559112549,5.21685791015625,8.492256164550781,5.1867475509643555,8.269898414611816,11.005563735961914,11.460648536682129,3.5024232864379883,8.098204612731934,3.7811005115509033,2.4813287258148193,6.033426284790039,4.757805824279785,9.080885887145996,7.1947550773620605,2.9323577880859375,6.073298454284668,8.776510238647461,5.31015157699585,10.539156913757324,8.09239673614502,11.630569458007812,5.372038841247559,8.921516418457031,6.098489284515381,4.813215732574463,13.22538948059082,5.441890716552734,7.073474884033203,8.40260124206543,8.187085151672363
1ag2_a,4.448159694671631,8.654314041137695,6.652769088745117,13.792140007019043,14.76323413848877,9.65542221069336,11.883183479309082,8.652168273925781,8.940391540527344,5.190440654754639,12.427351951599121,10.713298797607422,4.778400421142578,3.771787643432617,9.276494979858398,8.715218544006348,11.062325477600098,3.825972318649292,3.392775058746338,7.484597206115723,5.016824722290039,5.082858562469482,9.812054634094238,8.551665306091309,9.922971725463867,12.615861892700195,9.041951179504395,4.288296222686768,5.602179050445557,2.875244379043579,12.592097282409668,15.88589859008789,5.499663352966309,9.653056144714355,14.420454978942871,10.482251167297363,8.644179344177246,3.416551113128662,9.644659042358398,4.452431028312276e-07,4.751870632171631,12.89034366607666,6.592837810516357,7.944639682769775,7.2296037673950195,9.300548553466797,13.159449577331543,9.89038372039795,9.952115058898926,11.797931671142578,4.6595354080200195,3.133265972137451,4.364994525909424,12.23620891571045,10.298882484436035,4.775369167327881,7.426131248474121,10.461578369140625,5.488733768463135,2.358879327774048,6.163825511932373,5.256048679351807,11.837406158447266,12.760736465454102,9.419323921203613,7.088632583618164,9.154191017150879,15.409372329711914,5.232997894287109,10.646108627319336,6.292642593383789,8.64939022064209
2z1a_a,7.821472644805908,8.13551139831543,6.360726833343506,7.120708465576172,4.405117034912109,8.304883003234863,5.6086249351501465,6.115954399108887,8.154152870178223,10.225543975830078,7.109646320343018,6.8223772048950195,5.030138969421387,4.361739158630371,7.518622398376465,8.449317932128906,9.054966926574707,8.64599609375,10.82226276397705,11.311422348022461,5.908304691314697,5.596874237060547,8.828283309936523,4.312653541564941,6.968742847442627,9.177329063415527,4.883029460906982,4.291610240936279,6.7129106521606445,10.096952438354492,8.349952697753906,13.803451538085938,10.02950382232666,4.8960862159729,9.408282279968262,7.843910217285156,7.484437465667725,8.30408000946045,10.666129112243652,4.751870632171631,6.195646733431204e-07,8.573261260986328,5.7983479499816895,6.689220905303955,9.306008338928223,5.482823848724365,8.582450866699219,10.492809295654297,5.190542221069336,7.969353675842285,6.221402168273926,6.958792686462402,8.382863998413086,4.589703559875488,4.322983741760254,8.248801231384277,7.991084098815918,4.59828519821167,5.004782199859619,6.075335502624512,6.069249629974365,4.5543212890625,9.584322929382324,5.018406391143799,8.442229270935059,5.009816646575928,7.024256229400635,11.804771423339844,4.594738483428955,8.288253784179688,6.326861381530762,7.89119291305542
3n1a_a,10.906261444091797,7.7801737785339355,5.39768123626709,13.598484992980957,2.1807444095611572,7.545175552368164,8.028522491455078,5.3505120277404785,12.92507553100586,7.884544372558594,7.097254276275635,11.482194900512695,11.770489692687988,9.141451835632324,6.705106735229492,3.417787551879883,4.734737873077393,14.956718444824219,3.7511563301086426,8.62828254699707,6.216664791107178,10.91256332397461,7.508411407470703,3.33434796333313,4.183770179748535,5.621058464050293,8.59960651397705,6.370378494262695,2.7745721340179443,4.0742106437683105,11.666906356811523,5.639237880706787,9.354085922241211,10.163009643554688,3.1934814453125,9.996516227722168,10.216568946838379,13.095362663269043,4.089878559112549,12.89034366607666,8.573261260986328,3.940504882393725e-07,9.49958610534668,4.1370134353637695,10.144222259521484,4.390731334686279,7.790768146514893,9.329874992370605,3.957176685333252,5.623661994934082,7.3688225746154785,12.989618301391602,5.013498783111572,5.555116176605225,5.136423587799072,9.55508041381836,10.7638578414917,7.307997226715088,3.7792210578918457,12.040057182312012,5.433487415313721,5.261960506439209,6.114337921142578,13.635887145996094,4.649109363555908,8.301918983459473,12.387947082519531,4.6431779861450195,8.294024467468262,8.94375991821289,5.655832767486572,7.200537204742432
3i1a_a,9.193848609924316,9.473779678344727,8.651966094970703,9.01603889465332,13.07631778717041,7.55341100692749,13.04840087890625,10.784334182739258,3.6294448375701904,5.994049549102783,13.093144416809082,9.484138488769531,6.285866737365723,9.2621488571167,7.0528693199157715,5.304620265960693,6.5558366775512695,14.41589069366455,8.551864624023438,4.608838081359863,8.227926254272461,8.19804859161377,11.066787719726562,4.8111491203308105,6.247434616088867,10.6397705078125,9.941743850708008,3.4496209621429443,7.869718074798584,7.14932107925415,6.912347316741943,14.00472640991211,4.723103046417236,7.733636379241943,11.536630630493164,9.767648696899414,5.466771125793457,11.393077850341797,5.216858386993408,6.592837810516357,5.7983479499816895,9.499587059020996,1.389088737369093e-07,5.785048961639404,4.719853401184082,9.423351287841797,3.3355026245117188,5.271486759185791,3.2279152870178223,8.039360046386719,4.045538425445557,4.245203495025635,4.950661659240723,8.490663528442383,8.195389747619629,5.3706583976745605,8.685677528381348,8.787707328796387,7.8254594802856445,5.303910255432129,6.306981086730957,10.346071243286133,5.848193645477295,8.31828498840332,6.767191410064697,5.745927810668945,8.565621376037598,11.041104316711426,6.170638561248779,3.784447431564331,4.645208835601807,6.045550346374512
1t8a_a,9.343863487243652,5.806081295013428,8.271410942077637,11.558267593383789,11.061305046081543,8.716282844543457,6.963308334350586,5.84234094619751,6.764588356018066,4.817733287811279,12.40474796295166,7.032153129577637,8.232168197631836,7.584472179412842,8.530464172363281,7.655422210693359,6.385476112365723,6.674408912658691,10.459921836853027,7.043309211730957,5.273613452911377,4.875982284545898,7.394875526428223,6.141889572143555,6.539164066314697,7.257514953613281,9.13674259185791,5.338658809661865,11.914175987243652,11.191858291625977,6.833828449249268,7.816824436187744,12.1692533493042,4.230192184448242,7.602462291717529,12.21987247467041,6.574224472045898,8.326982498168945,8.492256164550781,7.944639682769775,6.689220905303955,4.1370134353637695,5.785048484802246,2.550341378082521e-07,5.839817047119141,5.1262526512146,5.089555263519287,7.820268630981445,8.207940101623535,4.541884899139404,12.018267631530762,8.392024040222168,11.315597534179688,6.566866397857666,6.479094505310059,9.525838851928711,10.365751266479492,6.688459873199463,7.17073917388916,12.27273178100586,8.27578353881836,8.051665306091309,5.7148966789245605,6.003012180328369,4.60591459274292,5.550896167755127,6.161613464355469,6.260512828826904,3.93371319770813,6.561986923217773,4.4961466789245605,3.3795619010925293
2l1a_a,8.094054222106934,5.6459832191467285,6.949847221374512,7.457312107086182,7.132513523101807,12.056668281555176,8.899031639099121,8.800352096557617,8.064620971679688,9.628479957580566,8.682756423950195,4.925502777099609,8.425899505615234,6.474971294403076,6.779200553894043,2.9038782119750977,4.37100887298584,12.335598945617676,5.072790622711182,6.803252696990967,8.324460983276367,6.134124279022217,5.685164928436279,5.412950038909912,7.715950965881348,3.5288825035095215,5.3545002937316895,9.845125198364258,7.137517929077148,5.753787517547607,10.795454025268555,9.935673713684082,5.7678446769714355,9.514060020446777,4.318883895874023,8.837342262268066,5.806051731109619,9.683497428894043,5.186747074127197,7.2296037673950195,9.306007385253906,10.144222259521484,4.719852924346924,5.839817047119141,8.494968994909868e-08,6.919020652770996,5.333173751831055,4.837770938873291,3.9053335189819336,6.575121879577637,5.7738823890686035,5.312192440032959,5.645289421081543,5.615230560302734,8.105789184570312,7.326131820678711,9.044127464294434,3.670875072479248,5.4207587242126465,5.53659200668335,7.502755641937256,8.212154388427734,5.2993879318237305,7.991157054901123,3.6945464611053467,8.284701347351074,6.611608982086182,5.5552978515625,6.160165309906006,4.688665390014648,7.400382041931152,5.676519870758057
3exj_a,11.274468421936035,8.02564525604248,6.211783409118652,8.265562057495117,12.169235229492188,7.096171855926514,9.843582153320312,8.169549942016602,9.437796592712402,10.797611236572266,11.917007446289062,6.629867076873779,6.964714527130127,8.7261323928833,6.030880451202393,3.185575008392334,3.567187786102295,10.785175323486328,9.128875732421875,5.5737624168396,5.4348320960998535,8.214027404785156,8.709328651428223,5.0810546875,6.1018900871276855,8.231107711791992,7.765487194061279,5.3648295402526855,7.337442398071289,8.69961166381836,6.65619421005249,8.758589744567871,5.2817487716674805,6.620342254638672,9.04903793334961,9.843937873840332,6.480301380157471,7.008434772491455,8.269899368286133,9.300548553466797,5.482823371887207,4.390731334686279,9.423351287841797,5.126252174377441,6.919020652770996,1.5805068187546567e-07,4.957278251647949,5.183210372924805,5.751993656158447,4.719381332397461,8.120976448059082,7.210759162902832,5.3542680740356445,10.414281845092773,4.734570026397705,3.5227160453796387,11.831031799316406,6.811672687530518,8.028600692749023,7.555939197540283,3.893024206161499,9.627665519714355,4.607204914093018,5.796468734741211,5.964695453643799,6.338191986083984,10.789036750793457,8.41004753112793,7.053859710693359,4.682675361633301,2.602642297744751,8.114606857299805
1m4r_a,6.568244457244873,7.5888800621032715,6.723376750946045,13.889670372009277,4.816391468048096,9.988195419311523,6.232792854309082,5.140378475189209,8.041086196899414,8.878106117248535,8.625371932983398,9.015583038330078,12.130900382995605,6.2566351890563965,7.760119915008545,7.131221294403076,4.8883185386657715,4.586992263793945,6.93289041519165,7.625935077667236,6.928650856018066,6.105815887451172,5.002641201019287,5.413557529449463,6.389007568359375,5.526907444000244,4.564211368560791,4.738887786865234,9.010855674743652,11.441828727722168,11.520309448242188,6.426009654998779,13.328048706054688,7.598862171173096,8.092164993286133,6.313869476318359,5.808305263519287,6.195492267608643,11.005563735961914,13.159449577331543,8.582450866699219,7.790767669677734,3.3355021476745605,5.089555263519287,5.333173751831055,4.957277774810791,4.986882373714252e-08,5.06460428237915,9.782868385314941,4.4412031173706055,6.5181050300598145,7.541230201721191,12.537395477294922,7.541012763977051,2.558039903640747,10.417668342590332,3.8459322452545166,5.663315773010254,6.7355241775512695,10.525694847106934,4.652076244354248,4.594059467315674,6.339948654174805,13.949302673339844,5.6836676597595215,8.53648853302002,10.485580444335938,5.027451515197754,4.319133281707764,5.933294296264648,4.821103572845459,7.2126054763793945
3s1a_a,6.962332725524902,11.15545654296875,7.232668399810791,13.686125755310059,8.223276138305664,8.860589027404785,5.875792980194092,3.2909157276153564,12.875982284545898,5.523723602294922,10.439035415649414,10.518756866455078,9.297989845275879,5.534904479980469,10.276079177856445,4.509157180786133,4.094688415527344,8.754749298095703,7.998330593109131,11.749624252319336,10.522411346435547,5.146432399749756,4.536324977874756,9.570816993713379,9.780228614807129,7.374772548675537,9.829792976379395,4.806904315948486,8.488061904907227,11.274792671203613,10.621095657348633,7.831539630889893,14.88676929473877,7.648174285888672,8.867955207824707,13.09303092956543,6.31434965133667,8.637913703918457,11.460648536682129,9.890382766723633,10.492809295654297,9.329874992370605,5.271486759185791,7.820268630981445,4.837770938873291,5.1832098960876465,5.064604759216309,2.706340751501557e-07,12.976532936096191,8.489307403564453,9.644291877746582,12.293936729431152,11.63962173461914,4.95673131942749,5.134068012237549,9.047163009643555,7.418366432189941,4.612063884735107,4.08502721786499,9.307921409606934,8.492199897766113,4.4924492835998535,3.799400806427002,11.45992660522461,5.967288494110107,6.309001922607422,8.807428359985352,7.473381996154785,3.055243492126465,9.58799934387207,4.922853469848633,8.355462074279785
1byq_a,6.565942287445068,9.836739540100098,9.335454940795898,13.986945152282715,14.391542434692383,3.8860433101654053,11.62093448638916,9.059796333312988,6.401716709136963,3.6855382919311523,14.045701026916504,13.299016952514648,7.592697620391846,9.008902549743652,9.216619491577148,10.895829200744629,10.132820129394531,3.7639832496643066,10.209565162658691,4.881011962890625,10.434258460998535,4.022395610809326,11.542255401611328,6.776736736297607,9.596961975097656,12.111682891845703,8.996757507324219,6.471685886383057,10.411707878112793,11.242964744567871,3.249545097351074,9.822422981262207,5.928149223327637,6.506860256195068,13.331666946411133,12.33974838256836,12.134624481201172,7.367197513580322,3.5024232864379883,9.952115058898926,5.190542221069336,3.957176685333252,3.2279152870178223,8.207940101623535,3.9053335189819336,5.751993656158447,9.782867431640625,12.976532936096191,1.9007013918326265e-07,8.522614479064941,11.513982772827148,3.807175874710083,5.870526313781738,11.060798645019531,6.214500427246094,6.753946781158447,9.540255546569824,9.130791664123535,8.448058128356934,9.00170612335205,6.39940881729126,5.816037178039551,9.682374000549316,13.477940559387207,9.001317024230957,4.837764739990234,7.807975769042969,12.950485229492188,2.5564417839050293,5.854267597198486,10.35605239868164,5.900147438049316
1bz0_a,11.13692569732666,3.8749396800994873,4.942743301391602,7.252425670623779,10.413206100463867,6.2732930183410645,9.522283554077148,3.9882516860961914,7.424789905548096,4.722214221954346,10.688371658325195,11.627776145935059,4.735671043395996,10.264957427978516,6.5072526931762695,6.079127788543701,6.663197040557861,5.304319381713867,10.720227241516113,4.804922580718994,3.1906495094299316,8.342293739318848,8.7603759765625,4.388518333435059,6.018610000610352,6.6186370849609375,3.2664382457733154,4.4399094581604,9.508237838745117,8.368382453918457,7.466339588165283,5.552769660949707,5.795219898223877,6.3557610511779785,4.894438743591309,10.893986701965332,7.001058101654053,5.447019100189209,8.098203659057617,11.797931671142578,7.969353675842285,5.623661994934082,8.039360046386719,4.541884899139404,6.575121879577637,4.719381332397461,4.4412031173706055,8.489307403564453,8.522614479064941,5.170724080016953e-07,7.265167713165283,5.779556751251221,9.865630149841309,6.500687122344971,0.17801958322525024,2.902914524078369,8.02368450164795,3.841400146484375,4.921634674072266,5.7069010734558105,4.074429988861084,4.939576148986816,7.816793918609619,10.660704612731934,5.89824914932251,4.034162521362305,12.215290069580078,5.726580619812012,6.832182884216309,1.3826147317886353,5.87060022354126,5.319289207458496
1i31_a,4.3231730461120605,6.414867401123047,9.183806419372559,4.3135199546813965,12.71129035949707,9.685298919677734,5.359355449676514,10.632733345031738,4.800571441650391,8.95838737487793,10.299579620361328,12.383296966552734,6.303473949432373,9.441548347473145,6.636622905731201,7.62439489364624,8.837584495544434,4.534742832183838,7.650784015655518,12.945111274719238,11.52664852142334,5.687121391296387,4.539905548095703,12.412259101867676,15.889451026916504,3.6136562824249268,10.335307121276855,13.483569145202637,3.8617072105407715,5.6216020584106445,12.21639347076416,9.74917984008789,9.930317878723145,6.694430828094482,4.737569808959961,12.652739524841309,11.536469459533691,6.489006519317627,3.7811005115509033,4.659535884857178,6.221401691436768,7.3688225746154785,4.045538425445557,12.018268585205078,5.7738823890686035,8.120976448059082,6.5181050300598145,9.644291877746582,11.513982772827148,7.265167713165283,4.883399356003792e-07,12.356032371520996,7.682764053344727,10.575631141662598,10.112626075744629,9.04835033416748,5.131112575531006,5.758096694946289,9.199435234069824,6.642091274261475,8.4739990234375,4.4106035232543945,4.1727118492126465,7.989352703094482,10.0053071975708,5.129552364349365,8.355006217956543,3.3927175998687744,6.565191268920898,5.855505466461182,12.201836585998535,6.559576511383057
1dx0_a,3.845792293548584,5.481123447418213,6.504003524780273,15.124711990356445,11.158580780029297,10.929375648498535,4.226154327392578,10.866456985473633,6.194230079650879,12.60425090789795,3.0742433071136475,15.249789237976074,12.497029304504395,11.083365440368652,6.508852958679199,11.853240013122559,8.569494247436523,6.4999613761901855,7.359893321990967,7.9290595054626465,9.844223976135254,9.270243644714355,5.980147361755371,6.811733245849609,8.78254508972168,4.826451301574707,10.4242582321167,12.225128173828125,11.438573837280273,8.78744888305664,9.640722274780273,4.809696197509766,5.981003761291504,7.2545084953308105,2.45196795463562,10.025725364685059,14.143425941467285,7.810797214508057,2.4813289642333984,3.133265972137451,6.958792686462402,12.989618301391602,4.245203495025635,8.392024040222168,5.312192916870117,7.21075963973999,7.54123067855835,12.29393482208252,3.807175636291504,5.779556751251221,12.356032371520996,3.2483166023666854e-07,7.246976375579834,9.621986389160156,6.515340805053711,4.21734619140625,11.119171142578125,7.083108425140381,6.915262222290039,9.045000076293945,10.69501781463623,8.828471183776855,7.349984169006348,13.935705184936523,9.5853853225708,12.164032936096191,11.550609588623047,2.9286060333251953,7.050856590270996,5.038066387176514,11.736555099487305,6.539546489715576
4nfb_a,7.156086444854736,7.030402660369873,9.04071044921875,10.288772583007812,4.995460510253906,8.936853408813477,6.058572769165039,6.3648295402526855,3.573413610458374,11.09473705291748,6.153554439544678,11.182785034179688,8.706673622131348,5.964844226837158,6.764524459838867,10.897761344909668,11.988682746887207,5.650296211242676,11.296131134033203,11.233307838439941,9.311002731323242,4.483945846557617,8.626605987548828,9.094827651977539,12.279006004333496,8.597269058227539,7.0013041496276855,9.386983871459961,5.730615615844727,9.838519096374512,14.315760612487793,6.91204309463501,5.156215190887451,9.042052268981934,9.486719131469727,6.4599690437316895,12.830254554748535,3.927341938018799,6.033426761627197,4.364995002746582,8.382864952087402,5.013498306274414,4.950661659240723,11.315597534179688,5.645288944244385,5.354268550872803,12.537395477294922,11.63962173461914,5.870526313781738,9.865630149841309,7.682764053344727,7.246976375579834,1.4516209034809435e-07,7.206547260284424,10.75014591217041,6.3911824226379395,4.752476215362549,5.128843307495117,8.022713661193848,5.893252372741699,10.119877815246582,4.462985515594482,12.463876724243164,6.8415141105651855,10.856650352478027,6.923672199249268,4.117282390594482,9.761162757873535,3.766660451889038,8.871855735778809,11.659921646118164,8.061078071594238
1b9v_a,4.16321325302124,3.8312878608703613,5.066206455230713,6.440920352935791,5.0002312660217285,3.3941423892974854,7.240242004394531,6.389468193054199,12.919968605041504,7.512683868408203,4.97638463973999,3.6409149169921875,11.275500297546387,10.210304260253906,5.6564106941223145,9.30026912689209,9.626319885253906,4.920807361602783,3.5120415687561035,8.275995254516602,2.99539852142334,8.285863876342773,4.545563220977783,6.662165641784668,8.371858596801758,5.089634418487549,3.2237846851348877,7.7854766845703125,11.44272232055664,4.855854034423828,9.812417984008789,7.722917079925537,7.51141357421875,9.188525199890137,4.341802597045898,10.26589298248291,5.209359645843506,6.530731678009033,4.757806301116943,12.236209869384766,4.58970308303833,5.555116176605225,8.490663528442383,6.566865921020508,5.615230083465576,10.414281845092773,7.541012763977051,4.95673131942749,11.060798645019531,6.500687122344971,10.575631141662598,9.621986389160156,7.206546783447266,7.253054832290218e-07,6.497535228729248,3.3680951595306396,7.604622840881348,8.461517333984375,6.134591102600098,11.196098327636719,4.826199531555176,8.774718284606934,10.325968742370605,7.5296711921691895,8.627856254577637,6.183250427246094,8.785855293273926,8.089883804321289,11.945162773132324,3.886793851852417,7.8360490798950195,8.466492652893066
1a3n_a,11.471755027770996,6.222594738006592,7.490006923675537,9.877340316772461,10.469046592712402,11.815441131591797,8.00449275970459,4.976805210113525,11.848587989807129,6.424338340759277,11.831015586853027,4.774777412414551,4.782435417175293,4.634284973144531,7.43841028213501,6.730672836303711,2.83933424949646,9.000173568725586,10.64076042175293,4.852786064147949,7.798497200012207,8.471446990966797,8.31505012512207,6.105600357055664,6.33536958694458,7.934262752532959,6.4305243492126465,4.16303825378418,4.35275936126709,7.297211170196533,5.524152755737305,6.016305923461914,5.382444381713867,7.938440322875977,9.063255310058594,9.106829643249512,5.255839824676514,6.350650310516357,9.08088493347168,10.298882484436035,4.322983741760254,5.136423587799072,8.195389747619629,6.479094505310059,8.105789184570312,4.734570503234863,2.5580403804779053,5.134068489074707,6.214500904083252,0.17801955342292786,10.112626075744629,6.515340328216553,10.75014591217041,6.497535228729248,1.5019897148249584e-07,2.5508408546447754,10.197094917297363,5.433888912200928,3.4420907497406006,5.1160430908203125,8.479875564575195,8.452385902404785,1.1375846862792969,8.444317817687988,5.081052303314209,5.048030376434326,8.66049861907959,7.5676093101501465,6.462778091430664,5.388981342315674,5.66636848449707,7.753708362579346
2h1a_a,9.093208312988281,8.51420783996582,7.552479267120361,5.450271129608154,4.384903907775879,10.924016952514648,5.186025142669678,4.830497741699219,7.077627182006836,8.877254486083984,5.406377792358398,9.06992244720459,8.207070350646973,8.284950256347656,6.421382904052734,4.5962347984313965,2.5254149436950684,12.20324993133545,3.091231107711792,10.685003280639648,10.977899551391602,8.62982177734375,3.1599912643432617,7.871973991394043,10.367898941040039,9.83082103729248,7.434327602386475,11.950201988220215,10.740155220031738,3.9148921966552734,4.305538654327393,9.49720287322998,4.874060153961182,6.006098747253418,10.955455780029297,8.75516128540039,11.888131141662598,10.515236854553223,7.1947550773620605,4.775369167327881,8.248801231384277,9.55508041381836,5.3706583976745605,9.525838851928711,7.326131820678711,3.5227162837982178,10.417668342590332,9.047163009643555,6.753946781158447,2.902914524078369,9.048351287841797,4.21734619140625,6.391181945800781,3.3680951595306396,2.5508408546447754,1.178040220928267e-09,4.121166229248047,4.317557334899902,8.211942672729492,4.89708948135376,7.462188243865967,9.575839042663574,3.7745063304901123,5.851030349731445,6.225609302520752,8.119699478149414,4.706009864807129,9.622610092163086,3.484271287918091,5.612984657287598,9.685378074645996,7.630771160125732
1tup_c,3.5936119556427,7.8989105224609375,9.994466781616211,11.651314735412598,11.31188678741455,8.110679626464844,9.9854097366333,13.125839233398438,12.413044929504395,4.7940592765808105,7.00219202041626,1.967252254486084,4.90746545791626,5.690108299255371,8.553670883178711,9.717508316040039,10.806862831115723,7.625895023345947,3.711278200149536,3.9720890522003174,9.085261344909668,4.67774772644043,7.335656642913818,12.8911714553833,5.816427707672119,5.650398254394531,3.4849026203155518,3.2374868392944336,5.207159996032715,6.108051300048828,11.726866722106934,11.39052677154541,6.130176544189453,9.871733665466309,6.6238813400268555,6.877100467681885,5.039055347442627,3.7578136920928955,2.9323575496673584,7.426131248474121,7.991084575653076,10.763856887817383,8.685677528381348,10.365751266479492,9.044126510620117,11.831031799316406,3.8459324836730957,7.418366432189941,9.540255546569824,8.023685455322266,5.131113052368164,11.119172096252441,4.752476215362549,7.6046223640441895,10.19709587097168,4.121166229248047,1.2502775348366413e-07,11.10617733001709,9.999598503112793,8.682205200195312,7.087903022766113,6.881589412689209,11.552714347839355,10.998435974121094,10.246784210205078,3.4831511974334717,3.3494651317596436,11.277186393737793,9.59980583190918,4.082621097564697,7.812881946563721,8.133062362670898
3g1a_a,9.085704803466797,5.701444625854492,4.817222595214844,10.094881057739258,9.706151962280273,6.007644176483154,10.544355392456055,6.222270488739014,7.463552951812744,7.194183826446533,11.96593952178955,8.865100860595703,10.182694435119629,10.985198020935059,8.096181869506836,5.012939929962158,4.3344316482543945,10.315263748168945,4.743340969085693,5.733953952789307,4.233504295349121,9.169943809509277,6.932753562927246,6.552840709686279,8.850896835327148,8.255184173583984,6.444792747497559,6.328188896179199,3.7385778427124023,5.502162456512451,5.138242244720459,8.952548027038574,5.977609157562256,6.533133506774902,7.568694114685059,13.178655624389648,4.960309982299805,9.515185356140137,6.073298454284668,10.461578369140625,4.59828519821167,7.307997226715088,8.787707328796387,6.688459873199463,3.670875072479248,6.811672687530518,5.663315773010254,4.612063884735107,9.130791664123535,3.841400384902954,5.758096694946289,7.083108425140381,5.128843307495117,8.461517333984375,5.433889389038086,4.317557334899902,11.106178283691406,4.350016240550758e-07,4.211968898773193,8.597551345825195,2.8697359561920166,8.108567237854004,5.979727268218994,5.601728916168213,6.087224006652832,8.582175254821777,12.62121295928955,8.218403816223145,9.026490211486816,3.711101531982422,5.9465813636779785,6.638158321380615
1v3a_a,8.736258506774902,7.515717029571533,6.428850173950195,8.78496265411377,9.189682960510254,4.062880516052246,4.159199237823486,3.087794065475464,3.922043561935425,10.723591804504395,8.673829078674316,13.781630516052246,8.07156753540039,12.255029678344727,9.380437850952148,10.490485191345215,9.783512115478516,10.667201042175293,11.974199295043945,4.5060715675354,4.763812065124512,4.874699592590332,10.425787925720215,6.272545337677002,8.498151779174805,5.631071090698242,5.9694437980651855,6.260468006134033,10.491901397705078,7.67637825012207,7.542643070220947,4.8134894371032715,9.952960968017578,6.79971170425415,7.30953311920166,14.369284629821777,8.6809663772583,9.933094024658203,8.776509284973145,5.488734245300293,5.004782199859619,3.7792208194732666,7.8254594802856445,7.17073917388916,5.4207587242126465,8.028599739074707,6.735523700714111,4.085027694702148,8.44805908203125,4.921634197235107,9.19943618774414,6.915261745452881,8.022713661193848,6.1345906257629395,3.4420907497406006,8.211941719055176,9.999597549438477,4.211968898773193,3.131371784093062e-07,8.313019752502441,6.857091903686523,11.043205261230469,9.668643951416016,9.32138442993164,8.686478614807129,6.212324619293213,4.566184043884277,5.175538063049316,8.642885208129883,3.425577402114868,8.975607872009277,4.98239803314209
1u2b_a,2.901033401489258,5.981888294219971,8.083026885986328,15.063244819641113,12.972142219543457,15.286865234375,5.964343547821045,12.436700820922852,5.309739589691162,10.744308471679688,8.075162887573242,14.732514381408691,6.8896379470825195,12.608505249023438,8.474781036376953,10.678296089172363,9.829139709472656,3.622934341430664,7.505003929138184,12.969741821289062,12.387038230895996,7.8960280418396,4.320755481719971,11.647613525390625,14.956262588500977,4.578050136566162,9.724431037902832,14.694085121154785,5.147151947021484,5.8084187507629395,12.295775413513184,6.535467147827148,5.9520087242126465,6.949124813079834,3.618504762649536,15.610878944396973,15.03000545501709,10.093585968017578,5.310152530670166,2.358879327774048,6.0753350257873535,12.040057182312012,5.303909778594971,12.272730827331543,5.53659200668335,7.555938720703125,10.525693893432617,9.307921409606934,9.00170612335205,5.7069010734558105,6.642090797424316,9.045000076293945,5.893252849578857,11.196098327636719,5.1160430908203125,4.89708948135376,8.682205200195312,8.597551345825195,8.313019752502441,8.760057994550152e-07,10.011043548583984,6.118346691131592,9.454289436340332,12.691973686218262,10.409356117248535,9.730446815490723,9.232379913330078,2.6737301349639893,10.427802085876465,9.401573181152344,14.08676815032959,6.047543525695801
3m1a_a,8.58742618560791,4.405337333679199,7.373084545135498,7.3317341804504395,5.988927364349365,6.4658918380737305,6.1610517501831055,6.856511116027832,9.33116340637207,11.225693702697754,7.648316860198975,8.00774097442627,9.53199577331543,7.247832775115967,3.7467172145843506,7.5812668800354,7.0858073234558105,10.206655502319336,10.977165222167969,11.416118621826172,6.759349346160889,4.311993598937988,8.33893871307373,7.13332462310791,8.445096015930176,4.956075191497803,6.135146617889404,4.901334285736084,6.528318881988525,11.60539722442627,7.597157001495361,10.31027889251709,12.044456481933594,3.8547985553741455,5.318389415740967,6.611416816711426,8.992487907409668,6.031464099884033,10.53915786743164,6.163825035095215,6.069249629974365,5.433487415313721,6.306981086730957,8.275782585144043,7.502756118774414,3.893024206161499,4.652076244354248,8.492198944091797,6.39940881729126,4.074429988861084,8.473999977111816,10.69501781463623,10.119876861572266,4.826199531555176,8.479875564575195,7.462188243865967,7.087902545928955,2.8697359561920166,6.857091426849365,10.011043548583984,3.573794344902126e-07,6.433778285980225,5.4597296714782715,6.3296356201171875,7.459356784820557,3.9846251010894775,6.163232326507568,6.81956672668457,5.9583563804626465,7.496957778930664,7.7718987464904785,7.224826335906982
3h1a_a,7.07606840133667,3.589545249938965,9.962823867797852,8.985285758972168,8.772412300109863,8.260102272033691,8.303455352783203,12.290387153625488,7.760824203491211,10.857707023620605,6.952713966369629,7.3690900802612305,4.427328586578369,10.365893363952637,5.8388566970825195,3.9426352977752686,4.356107711791992,5.617430686950684,10.037979125976562,7.067996501922607,10.987728118896484,4.6793341636657715,7.683854103088379,10.2440767288208,12.10657787322998,4.22165584564209,5.166322708129883,11.074170112609863,7.252755165100098,9.183615684509277,7.845267295837402,5.353094100952148,4.602090835571289,9.505288124084473,4.607787609100342,7.645633220672607,8.099360466003418,6.368450164794922,8.09239673614502,5.256049156188965,4.5543212890625,5.261960983276367,10.346071243286133,8.051665306091309,8.212154388427734,9.627665519714355,4.594059467315674,4.4924492835998535,5.816037654876709,4.939576148986816,4.4106035232543945,8.828471183776855,4.462985515594482,8.774718284606934,8.452385902404785,9.575839042663574,6.881589412689209,8.10856819152832,11.043205261230469,6.118346691131592,6.433778285980225,1.658151802530483e-07,4.552278518676758,5.101280689239502,4.940210819244385,4.124680995941162,9.247605323791504,5.490683555603027,11.088778495788574,6.517218589782715,10.235932350158691,4.33301305770874
5fhx_a,9.7903413772583,6.509674072265625,5.57381534576416,6.206930160522461,10.774023056030273,8.65927505493164,8.341979026794434,9.802824974060059,11.286182403564453,8.666119575500488,11.871255874633789,5.937798976898193,6.472468376159668,4.191122531890869,5.195922374725342,5.933466911315918,3.433729648590088,5.476179122924805,10.874685287475586,11.417957305908203,8.140480041503906,5.9219279289245605,9.33604907989502,7.366191864013672,8.18144416809082,4.298161029815674,0.7508884072303772,6.258901596069336,6.403497695922852,11.55345630645752,3.905104398727417,7.624356746673584,11.920291900634766,6.389286994934082,4.049875259399414,6.266178607940674,4.589714527130127,3.9734277725219727,11.630569458007812,11.837406158447266,9.584322929382324,6.114338397979736,5.848194122314453,5.7148966789245605,5.2993879318237305,4.607204914093018,6.339947700500488,3.79940128326416,9.682374000549316,7.816793918609619,4.1727118492126465,7.349984169006348,12.463876724243164,10.325968742370605,1.1375848054885864,3.7745065689086914,11.552715301513672,5.979727268218994,9.668643951416016,9.454289436340332,5.4597296714782715,4.552278995513916,2.564125622939173e-07,10.839481353759766,6.169938087463379,4.262567043304443,8.610980033874512,4.339014530181885,4.284667491912842,6.514565944671631,6.81971549987793,5.337096691131592
1f2a_a,7.812009811401367,6.857921600341797,7.170706272125244,7.655187129974365,11.419507026672363,9.839571952819824,14.347962379455566,5.32378625869751,11.300387382507324,5.243471622467041,10.11894702911377,9.881267547607422,14.179768562316895,9.272163391113281,9.355952262878418,6.199126243591309,9.689095497131348,9.045781135559082,5.367982387542725,14.952585220336914,4.645825386047363,12.356636047363281,10.950551986694336,3.7237958908081055,5.676761150360107,13.45569896697998,5.045436382293701,3.684758424758911,7.259426116943359,3.04707407951355,9.82237720489502,16.5869083404541,12.224257469177246,9.151671409606934,12.900663375854492,2.4272913932800293,11.414901733398438,5.877429485321045,5.372038841247559,12.760735511779785,5.018405914306641,13.635886192321777,8.31828498840332,6.003012180328369,7.991157531738281,5.796468734741211,13.949302673339844,11.459927558898926,13.477940559387207,10.660703659057617,7.989352226257324,13.935705184936523,6.841513156890869,7.529671669006348,8.444317817687988,5.851030349731445,10.998435974121094,5.601728916168213,9.32138442993164,12.691973686218262,6.329636096954346,5.101281642913818,10.83948040008545,1.2391683412715793e-07,7.851445198059082,10.48491382598877,15.907073974609375,14.293245315551758,5.236326694488525,12.046934127807617,5.564692497253418,8.302797317504883
1csn_a,9.588361740112305,4.579914093017578,8.649924278259277,9.493441581726074,11.318807601928711,7.301777362823486,8.197342872619629,8.382704734802246,8.340068817138672,6.274935245513916,10.786552429199219,7.640717506408691,8.330066680908203,6.225726127624512,7.021596431732178,4.5076165199279785,4.644056797027588,7.34971284866333,9.404572486877441,9.093348503112793,7.180072784423828,4.766951084136963,8.589005470275879,8.027749061584473,9.271240234375,6.806192398071289,5.302497863769531,6.618823528289795,9.965229034423828,10.558239936828613,5.993292331695557,8.476411819458008,11.422565460205078,2.2006866931915283,6.997241973876953,10.271835327148438,4.730861186981201,6.1631293296813965,8.921516418457031,9.419323921203613,8.442228317260742,4.649109363555908,6.767191410064697,4.60591459274292,3.6945464611053467,5.964694976806641,5.6836676597595215,5.967288017272949,9.001317024230957,5.89824914932251,10.0053071975708,9.585384368896484,10.856650352478027,8.627856254577637,5.081052303314209,6.225608825683594,10.246784210205078,6.087224006652832,8.686478614807129,10.409356117248535,7.459357261657715,4.940210819244385,6.169938564300537,7.851445198059082,2.5147227233901503e-07,4.75261926651001,7.31823205947876,6.348708629608154,4.20614767074585,5.387788772583008,7.378638744354248,4.65797233581543
1out_a,4.374679088592529,4.049654483795166,5.7077956199646,13.019747734069824,9.391672134399414,7.468113899230957,4.287052631378174,10.594683647155762,10.079840660095215,4.253587245941162,5.600890159606934,10.892362594604492,6.605449676513672,10.138544082641602,7.815213680267334,4.150332927703857,4.365923881530762,9.55549430847168,4.22603178024292,11.427032470703125,4.4040141105651855,5.693827152252197,3.9724810123443604,4.762005805969238,8.844861030578613,4.252511978149414,8.148499488830566,8.055597305297852,3.7768101692199707,5.32674503326416,8.436076164245605,7.58064603805542,9.511406898498535,6.927835464477539,4.809206008911133,12.865644454956055,10.303385734558105,10.758986473083496,6.098489284515381,7.088632583618164,5.009817600250244,8.301918983459473,5.745927810668945,5.550896167755127,8.284700393676758,6.338192939758301,8.53648853302002,6.309001922607422,4.837764263153076,4.034162521362305,5.129552364349365,12.164032936096191,6.923671722412109,6.183250427246094,5.048030376434326,8.119698524475098,3.483151435852051,8.582175254821777,6.212324142456055,9.730446815490723,3.9846251010894775,4.124680995941162,4.262567043304443,10.484912872314453,4.75261926651001,2.1615673517771938e-07,7.772478103637695,4.171827793121338,9.58470630645752,8.82083797454834,7.153650760650635,5.98151159286499
1uw3_a,8.823783874511719,9.303437232971191,7.659749507904053,12.015700340270996,11.033726692199707,3.84562611579895,5.562415599822998,14.907246589660645,13.899782180786133,6.9633708000183105,3.3940844535827637,14.159116744995117,7.761641979217529,12.904994010925293,8.22037410736084,5.195552825927734,7.358047008514404,16.740859985351562,5.241090297698975,9.951393127441406,4.348048210144043,8.76024341583252,9.038153648376465,3.6232898235321045,3.427830696105957,4.4912567138671875,9.314699172973633,8.164861679077148,11.86662769317627,2.780775547027588,4.679409503936768,14.719182968139648,6.258816242218018,7.37764310836792,7.385046482086182,10.019009590148926,14.34091854095459,14.248311996459961,4.813215732574463,9.154191970825195,7.024256706237793,12.387947082519531,8.565621376037598,6.1616129875183105,6.611608982086182,10.789036750793457,10.485580444335938,8.807428359985352,7.807975769042969,12.215290069580078,8.355006217956543,11.550610542297363,4.117282390594482,8.785855293273926,8.660497665405273,4.706009864807129,3.3494651317596436,12.62121295928955,4.5661845207214355,9.232379913330078,6.163232326507568,9.247605323791504,8.610980033874512,15.907074928283691,7.318232536315918,7.772478103637695,1.6759666721100075e-07,4.632470607757568,12.370922088623047,4.870444297790527,5.1065592765808105,9.551974296569824
2f1a_a,14.383801460266113,10.821765899658203,6.255007266998291,8.168664932250977,9.720988273620605,10.017155647277832,8.310900688171387,4.431219577789307,13.804539680480957,3.4832985401153564,10.79328441619873,6.084949970245361,2.905409097671509,2.7327165603637695,10.634050369262695,4.860342502593994,4.182056427001953,14.76624584197998,12.025982856750488,6.048494338989258,4.451197624206543,6.918222904205322,7.573790550231934,8.287818908691406,7.422691345214844,5.501577854156494,11.849199295043945,3.2353713512420654,7.356903553009033,12.329440116882324,13.713984489440918,2.633465528488159,9.841500282287598,11.00627326965332,7.015102863311768,15.59082317352295,6.722654819488525,12.12486743927002,13.225390434265137,15.409372329711914,11.804771423339844,4.643178462982178,11.04110336303711,6.2605133056640625,5.5552978515625,8.41004753112793,5.027451992034912,7.473381519317627,12.950485229492188,5.726580619812012,3.3927175998687744,2.928605556488037,9.761162757873535,8.089884757995605,7.56760835647583,9.622610092163086,11.27718734741211,8.218403816223145,5.175537586212158,2.6737301349639893,6.81956672668457,5.490683078765869,4.339014530181885,14.293246269226074,6.3487091064453125,4.17182731628418,4.632470607757568,5.845876103194314e-07,6.992922306060791,7.262500762939453,4.24334192276001,10.517154693603516
1x2a_a,10.710545539855957,7.060913562774658,9.583093643188477,12.142629623413086,14.166045188903809,8.367939949035645,11.47950267791748,10.56787109375,3.861161708831787,10.980798721313477,9.980658531188965,9.840072631835938,10.345976829528809,7.506004810333252,5.533632755279541,3.3831002712249756,4.243277549743652,12.131860733032227,6.954602241516113,5.49504280090332,6.338671684265137,10.692098617553711,11.298450469970703,4.624700546264648,5.065098285675049,7.495121479034424,9.399662017822266,3.2248904705047607,10.775006294250488,6.604369640350342,2.8589797019958496,12.592718124389648,5.116909503936768,8.363313674926758,8.930774688720703,10.161515235900879,7.824536323547363,9.078964233398438,5.441890716552734,5.232997894287109,4.594738483428955,8.294025421142578,6.1706390380859375,3.933713436126709,6.160165309906006,7.053859710693359,4.319133758544922,3.055243730545044,2.5564417839050293,6.832183837890625,6.565191268920898,7.050856590270996,3.7666609287261963,11.94516372680664,6.462778091430664,3.484271287918091,9.59980583190918,9.026490211486816,8.642885208129883,10.427802085876465,5.958355903625488,11.088778495788574,4.284667491912842,5.236326217651367,4.206148147583008,9.58470630645752,12.370922088623047,6.992922782897949,6.110066692599503e-07,4.562325477600098,3.3300650119781494,5.999389171600342
3j1a_a,7.296341419219971,8.995368957519531,6.870034694671631,12.1950044631958,4.374871253967285,12.040031433105469,6.229191303253174,5.16713809967041,9.061493873596191,7.647314548492432,5.20303201675415,8.539070129394531,9.736050605773926,5.897415637969971,5.8505024909973145,6.450439929962158,6.425728797912598,5.048237323760986,9.17080020904541,6.584453105926514,8.807144165039062,9.175372123718262,6.287216663360596,3.7634801864624023,6.745420932769775,8.35173511505127,4.0962395668029785,7.326016902923584,8.642026901245117,10.759407997131348,8.411087989807129,8.279840469360352,8.49837589263916,6.621743679046631,10.181897163391113,6.288692474365234,5.400935173034668,4.3470282554626465,7.073474884033203,10.646108627319336,8.288253784179688,8.94375991821289,3.784447431564331,6.561985969543457,4.688665390014648,4.682675361633301,5.93329381942749,9.58799934387207,5.854267597198486,1.3826148509979248,5.855505466461182,5.038066387176514,8.871855735778809,3.886793613433838,5.388981342315674,5.612984657287598,4.0826215744018555,3.711101531982422,3.4255776405334473,9.401573181152344,7.496957778930664,6.517218589782715,6.514565944671631,12.046934127807617,5.38778829574585,8.820837020874023,4.870444297790527,7.2625017166137695,4.562325477600098,1.0280721340905075e-07,7.68461799621582,5.6089606285095215
1qg3_a,6.1741156578063965,6.253493309020996,8.182909965515137,6.1977996826171875,10.847967147827148,9.11724853515625,4.390960693359375,7.932239055633545,5.240859031677246,4.353842735290527,9.915654182434082,4.857088565826416,12.092317581176758,5.127968788146973,7.621778964996338,8.188920021057129,6.898092269897461,5.830036640167236,8.584952354431152,8.877251625061035,6.177814960479736,6.524837970733643,7.008336544036865,7.973304271697998,8.227656364440918,5.040666580200195,8.10662841796875,6.74146032333374,12.014230728149414,9.637067794799805,9.656850814819336,5.673252105712891,13.889217376708984,5.998920917510986,6.247936248779297,12.068034172058105,4.373184680938721,8.353650093078613,8.40260124206543,6.292642593383789,6.32686185836792,5.655832767486572,4.645208358764648,4.4961466789245605,7.400381565093994,2.60264253616333,4.821104049682617,4.922853469848633,10.356053352355957,5.870600700378418,12.201836585998535,11.736555099487305,11.659921646118164,7.8360490798950195,5.6663689613342285,9.68537712097168,7.812881946563721,5.9465813636779785,8.975608825683594,14.08676815032959,7.7718987464904785,10.235932350158691,6.8197150230407715,5.56469202041626,7.378638744354248,7.153650760650635,5.106558799743652,4.243341445922852,3.3300652503967285,7.68461799621582,2.1518514969898206e-08,4.31779670715332
1w4a_a,10.17392635345459,6.567521095275879,5.701089859008789,7.572744369506836,9.423698425292969,6.805447101593018,10.359326362609863,7.562441825866699,6.38466215133667,5.5340728759765625,12.140240669250488,6.826570510864258,6.279289722442627,6.593295097351074,6.690435886383057,6.394838809967041,6.1106133460998535,11.847752571105957,9.071544647216797,7.986786842346191,5.0558857917785645,7.599585056304932,9.45906925201416,5.359659194946289,7.171306133270264,9.918952941894531,8.423644065856934,5.079208850860596,5.820592880249023,9.203577995300293,9.400240898132324,11.149527549743652,8.927922248840332,5.655357360839844,9.329907417297363,10.730135917663574,5.832361221313477,10.725568771362305,8.187085151672363,8.64939022064209,7.89119291305542,7.200536727905273,6.04555082321167,3.37956166267395,5.676519393920898,8.114606857299805,7.2126054763793945,8.355462074279785,5.900146484375,5.319289207458496,6.559576511383057,6.539546966552734,8.061078071594238,8.466492652893066,7.7537078857421875,7.630770683288574,8.133062362670898,6.638158321380615,4.98239803314209,6.047544002532959,7.224826335906982,4.333013534545898,5.337096691131592,8.302796363830566,4.65797233581543,5.98151159286499,9.551973342895508,10.517154693603516,5.999389171600342,5.6089606285095215,4.31779670715332,5.036724814999616e-08
