Protein_Chain,Avg_Local_RMSD_Å,High_Error_Residues_Count
1a3n_a,3.78,26
1ag2_a,33.31,103
1b10_a,26.95,250
1b9v_a,24.1,388
1byq_a,21.45,213
1bz0_a,3.78,22
1c01_a,15.09,98
1csn_a,10.75,292
1d7b_a,16.86,181
1dx0_a,35.27,104
1e8x_a,31.85,840
1f2a_a,23.19,215
1g65_a,18.24,246
1g8a_a,0.82,6
1gcw_a,3.87,45
1i31_a,25.6,253
1j3h_a,16.38,327
1jj2_b,11.19,47
1kbe_a,11.56,48
1l6r_a,3.82,43
1m4r_a,23.77,142
1mbd_a,3.83,49
1n1d_a,0.51,0
1out_a,4.43,108
1p3a_a,24.55,98
1q6a_a,16.58,107
1qg3_a,23.75,194
1qm0_a,37.55,104
1s7m_a,20.55,157
1t4w_a,29.63,196
1tup_c,29.01,195
1u2b_a,18.33,124
1uw3_a,40.9,106
1v3a_a,3.48,42
1x2a_a,0.44,0
1y3a_a,23.71,297
1z1a_a,8.97,99
2a2a_a,16.44,298
2e1a_a,0.28,0
2f1a_a,29.85,1011
2g1a_a,20.35,209
2h1a_a,20.82,136
2i1a_a,14.31,112
2j1a_a,23.37,141
2k1a_a,36.44,880
2l1a_a,39.61,1157
2n1a_a,13.11,94
2o1a_a,25.0,120
2ocj_a,28.76,193
2p1a_a,5.67,104
2r1a_a,21.43,130
2u1a_a,29.26,281
2v1a_a,34.86,144
2w1a_a,11.73,441
2wtt_a,13.08,37
2x1a_a,11.39,86
2y1a_a,24.04,331
2z1a_a,19.9,502
3a1a_a,45.01,132
3c1a_a,17.59,298
3d1a_a,3.85,45
3exj_a,28.54,194
3f1a_a,21.58,158
3g1a_a,12.89,218
3i1a_a,6.23,318
3k1a_a,16.86,455
3l1a_a,6.03,260
3m1a_a,9.18,264
3n1a_a,21.93,327
3o1a_a,3.83,119
3p1a_a,26.41,279
3r1a_a,23.93,464
3s1a_a,19.48,502
3t1a_a,26.52,154
3u1a_a,3.88,40
3w1a_a,3.77,74
4nfb_a,17.41,120
5fhx_a,19.47,119
6ldp_a,8.13,359
