,1a3n_a,1ag2_a,1b10_a,1b9v_a,1byq_a,1bz0_a,1c01_a,1csn_a,1d7b_a,1dx0_a,1e8x_a,1f2a_a,1g65_a,1g8a_a,1gcw_a,1i31_a,1j3h_a,1jj2_b,1kbe_a,1l6r_a,1m4r_a,1mbd_a,1n1d_a,1o5d_a,1out_a,1p3a_a,1q6a_a,1qg3_a,1qm0_a,1s7m_a,1t4w_a,1t8a_a,1tup_c,1u2b_a,1uw3_a,1v3a_a,1w4a_a,1x2a_a,1y3a_a,1z1a_a,2a2a_a,2b1a_a,2c3a_a,2d1a_a,2e1a_a,2f1a_a,2g1a_a,2h1a_a,2i1a_a,2j1a_a,2k1a_a,2l1a_a,2m1a_a,2n1a_a,2o1a_a,2ocj_a,2p1a_a,2q1a_a,2r1a_a,2u1a_a,2v1a_a,2w1a_a,2wtt_a,2x1a_a,2y1a_a,2z1a_a,3a1a_a,3c1a_a,3d1a_a,3exj_a,3f1a_a,3g1a_a,3h1a_a,3i1a_a,3j1a_a,3k1a_a,3l1a_a,3m1a_a,3n1a_a,3o1a_a,3p1a_a,3r1a_a,3s1a_a,3t1a_a,3u1a_a,3v1a_a,3w1a_a,4e5a_a,4nfb_a,5fhx_a,6ldp_a
1a3n_a,0.0,3.17,3.43,5.34,5.37,0.29,4.85,5.13,5.92,2.86,4.73,4.99,6.01,5.02,1.29,4.92,5.35,5.08,4.36,4.9,4.12,1.51,4.51,25.0,0.97,3.84,3.38,5.05,3.84,5.04,5.52,4.74,5.74,5.23,3.6,4.89,4.84,5.38,5.46,4.14,5.47,25.0,5.0,3.8,4.31,5.7,4.82,5.23,4.77,4.6,2.12,4.71,2.0,4.68,5.49,5.93,4.96,25.0,5.51,4.43,5.03,4.74,2.87,4.16,5.59,4.49,4.29,5.44,0.67,5.39,4.85,4.8,5.28,4.9,4.84,5.68,4.73,4.73,4.82,4.86,5.23,4.34,5.39,4.57,2.9,3.55,4.74,25.0,5.01,4.19,5.55
1ag2_a,3.17,0.0,2.1,5.1,4.48,3.2,3.96,4.6,4.5,2.52,4.11,4.09,4.54,3.83,3.33,4.42,4.55,4.66,3.76,4.39,4.09,3.54,4.88,25.0,3.56,3.45,3.99,4.58,2.59,4.53,4.22,3.97,3.8,4.93,2.3,3.86,4.94,4.11,4.54,4.14,4.39,25.0,4.84,3.47,3.74,5.19,4.89,4.27,4.85,3.67,2.47,4.39,1.79,4.04,4.78,4.22,3.32,25.0,4.93,4.49,4.47,3.62,3.05,4.5,4.84,4.47,5.25,5.11,3.11,4.25,4.67,5.47,4.21,4.48,3.87,4.42,4.34,4.66,4.29,3.92,4.09,4.35,4.56,4.29,2.49,2.37,5.09,25.0,4.18,4.41,4.53
1b10_a,3.43,2.1,0.0,5.01,3.92,3.51,4.02,3.96,4.26,2.14,4.01,4.12,4.29,4.76,3.47,4.61,4.43,4.89,3.51,4.37,4.2,3.32,4.62,25.0,3.64,3.74,3.73,4.12,2.06,4.57,4.24,3.89,4.78,3.88,1.82,5.1,5.11,4.53,4.46,4.41,4.62,25.0,4.44,2.04,4.3,4.71,3.75,4.48,4.99,4.5,2.16,4.75,1.26,4.42,4.55,3.88,2.85,25.0,5.03,4.93,3.59,3.9,2.64,3.61,4.4,4.69,4.62,4.69,3.48,4.35,4.72,3.91,4.25,4.21,3.99,4.88,4.51,4.5,4.07,3.74,4.01,3.6,4.6,4.7,2.2,2.9,5.28,25.0,4.36,4.28,4.91
1b9v_a,5.34,5.1,5.01,0.0,5.54,5.43,3.96,6.48,4.79,5.21,7.12,6.03,6.19,6.42,5.45,4.52,6.5,6.65,3.01,6.62,5.64,5.08,5.25,25.0,5.88,4.72,4.41,6.27,5.43,5.51,5.43,5.46,5.22,5.32,4.68,5.24,6.29,6.61,6.2,5.07,7.07,25.0,6.06,3.27,3.86,7.17,6.01,4.97,5.17,5.51,2.65,5.49,3.68,4.7,4.96,4.98,5.52,25.0,5.26,5.0,5.07,7.72,3.33,4.93,7.32,7.2,5.36,5.45,5.57,6.2,5.87,6.46,6.61,6.3,5.43,6.99,6.24,6.61,6.98,7.3,6.45,6.93,7.12,7.13,4.33,4.65,7.05,25.0,4.65,5.79,7.08
1byq_a,5.37,4.48,3.92,5.54,0.0,5.39,4.32,5.49,4.77,4.8,6.39,5.87,5.97,6.51,5.83,5.64,5.85,6.31,3.16,4.39,5.29,5.63,5.35,25.0,5.37,4.76,4.12,5.63,3.62,5.41,5.48,4.84,6.01,4.85,4.96,5.88,5.82,5.61,5.4,5.38,5.33,25.0,5.71,3.12,3.51,6.31,6.3,5.66,5.22,4.5,2.51,5.52,1.49,5.0,4.25,5.94,4.13,25.0,4.28,4.2,5.05,5.75,2.03,4.3,5.31,5.96,5.43,5.2,5.39,5.77,5.86,6.44,5.56,5.5,5.16,5.46,6.04,5.99,5.99,6.71,5.17,6.09,5.51,5.75,2.19,2.73,6.02,25.0,4.95,4.84,6.1
1bz0_a,0.29,3.2,3.51,5.43,5.39,0.0,4.62,5.33,6.06,3.2,4.91,5.08,5.19,4.97,1.33,5.22,5.05,5.58,4.36,5.46,4.12,1.54,4.87,25.0,0.99,3.86,3.52,5.21,3.53,4.95,5.8,4.51,5.83,5.34,3.66,4.9,4.19,5.33,5.54,3.95,5.43,25.0,5.48,3.72,4.22,5.48,4.45,5.4,5.05,4.65,1.56,4.51,1.92,4.49,5.02,5.76,5.01,25.0,4.97,4.35,5.18,4.78,2.86,4.16,5.64,4.52,4.3,5.5,0.7,5.38,5.03,5.94,5.78,4.22,4.8,5.93,4.53,4.54,4.62,5.08,5.17,4.2,5.15,4.72,2.89,2.94,4.71,25.0,5.31,4.06,5.11
1c01_a,4.85,3.96,4.02,3.96,4.32,4.62,0.0,4.64,5.28,4.53,4.65,3.33,4.45,3.9,4.81,3.51,4.07,4.43,3.06,4.27,5.06,5.22,4.28,25.0,4.06,4.65,4.95,3.22,4.74,3.4,4.05,4.31,4.12,4.44,4.83,4.46,4.44,3.99,4.65,4.68,3.96,25.0,4.19,2.93,3.16,3.86,4.27,3.6,4.81,3.79,3.97,4.73,1.58,4.25,3.53,4.12,4.56,25.0,4.44,4.06,4.45,4.35,2.51,3.34,4.21,4.34,5.08,4.68,4.7,3.92,4.32,3.82,4.21,4.95,4.23,4.01,4.1,4.73,4.84,4.87,4.89,4.8,4.88,4.59,4.09,3.99,4.44,25.0,3.53,4.49,4.18
1csn_a,5.13,4.6,3.96,6.48,5.49,5.33,4.64,0.0,5.67,4.35,6.74,5.87,5.79,6.01,5.31,5.59,3.07,5.79,3.71,5.89,4.15,5.35,4.88,25.0,5.22,4.05,4.97,6.4,4.33,5.42,5.9,4.91,5.81,5.7,4.38,5.26,7.1,6.61,6.47,6.02,3.21,25.0,6.05,3.0,3.82,6.14,5.66,4.9,5.2,5.77,2.52,4.02,1.81,4.42,4.13,5.74,4.79,25.0,4.99,4.18,5.41,7.16,2.47,4.12,6.55,6.72,5.13,6.63,5.31,5.95,5.8,6.81,5.87,4.65,4.9,6.79,6.33,6.48,6.63,5.92,3.13,6.28,6.72,6.6,3.34,3.35,6.44,25.0,5.36,3.79,7.29
1d7b_a,5.92,4.5,4.26,4.79,4.77,6.06,5.28,5.67,0.0,4.77,5.31,5.65,5.56,5.28,6.13,4.85,5.65,5.59,3.28,5.74,5.53,6.21,5.12,25.0,5.94,4.31,4.65,3.52,4.33,5.21,5.12,5.74,4.86,4.49,4.3,5.46,5.6,5.81,6.19,4.42,5.45,25.0,5.96,3.06,4.12,5.78,6.25,5.53,5.14,4.86,2.31,4.63,1.81,3.68,3.61,4.83,5.25,25.0,4.3,4.7,5.5,5.89,3.6,4.43,6.05,6.35,5.38,4.69,5.71,4.77,4.89,6.3,6.05,5.2,4.63,5.84,4.79,5.44,6.07,5.85,5.42,5.4,5.95,5.8,3.6,3.43,5.97,25.0,4.27,5.34,5.67
1dx0_a,2.86,2.52,2.14,5.21,4.8,3.2,4.53,4.35,4.77,0.0,3.88,4.17,4.58,4.07,2.65,4.16,4.65,4.83,3.59,4.83,3.64,3.52,4.87,25.0,3.47,3.48,3.85,4.81,1.92,4.96,3.89,3.76,4.35,4.26,1.87,4.48,5.36,4.78,4.13,4.84,4.22,25.0,4.98,2.81,3.59,4.61,4.78,4.65,4.81,4.44,1.93,4.42,1.64,4.79,4.42,4.29,4.05,25.0,4.57,4.28,3.66,3.82,2.38,4.5,4.75,4.57,5.32,4.76,2.75,4.4,4.83,4.49,4.19,4.11,3.94,4.22,3.5,4.65,4.68,3.82,3.71,4.06,4.02,3.91,1.7,3.01,3.91,25.0,4.58,4.56,4.68
1e8x_a,4.73,4.11,4.01,7.12,6.39,4.91,4.65,6.74,5.31,3.88,0.0,6.11,5.5,5.84,5.08,5.99,5.26,6.69,3.22,6.22,4.67,5.0,4.88,25.0,4.47,4.91,4.64,6.21,4.25,5.7,6.07,5.36,4.28,4.93,3.9,4.98,6.9,6.73,5.56,5.03,5.82,25.0,5.66,4.67,3.34,9.14,5.61,5.76,4.43,4.2,2.21,2.65,1.31,3.09,3.79,5.42,4.83,25.0,4.91,4.01,4.89,7.46,2.29,3.91,6.46,8.09,5.03,6.43,4.95,4.61,5.44,6.17,6.62,4.22,4.48,7.27,6.71,6.58,7.08,7.11,5.11,7.25,8.12,7.66,3.49,2.29,6.34,25.0,3.69,4.94,6.55
1f2a_a,4.99,4.09,4.12,6.03,5.87,5.08,3.33,5.87,5.65,4.17,6.11,0.0,5.21,5.77,5.21,6.52,5.77,6.07,2.51,6.66,5.49,5.16,5.25,25.0,4.7,4.23,4.29,5.82,4.17,5.62,5.87,4.97,6.01,3.99,5.15,5.26,5.33,5.87,6.31,4.99,6.36,25.0,5.96,3.82,3.54,5.78,5.69,4.87,5.44,5.37,2.15,4.47,0.87,4.51,3.64,5.94,4.9,25.0,5.33,4.47,5.53,5.89,2.67,3.84,6.34,6.63,5.04,6.3,5.09,6.03,5.42,5.86,6.43,6.07,5.45,6.26,5.55,6.32,6.27,5.46,5.69,5.47,5.14,5.84,2.47,3.48,6.07,25.0,5.62,4.7,6.26
1g65_a,6.01,4.54,4.29,6.19,5.97,5.19,4.45,5.79,5.56,4.58,5.5,5.21,0.0,5.85,5.44,6.05,5.97,6.55,2.92,5.99,5.27,4.48,5.31,25.0,5.42,5.08,4.5,5.18,4.55,5.37,5.34,5.34,6.0,4.66,4.44,5.2,6.13,6.46,5.73,5.56,6.22,25.0,5.97,4.13,4.05,6.27,5.32,5.42,5.06,5.37,2.93,5.2,1.67,4.35,4.76,5.43,5.46,25.0,5.32,4.02,5.88,6.18,3.74,4.14,6.24,6.37,5.5,6.27,6.04,6.01,5.24,6.05,6.04,6.69,5.33,6.31,5.59,6.06,6.17,6.7,6.37,6.22,6.66,6.74,2.36,2.69,5.98,25.0,3.88,4.28,5.7
1g8a_a,5.02,3.83,4.76,6.42,6.51,4.97,3.9,6.01,5.28,4.07,5.84,5.77,5.85,0.0,4.99,6.1,5.62,6.04,2.75,3.91,5.06,5.19,3.98,25.0,5.14,4.92,4.4,5.87,3.92,5.28,5.59,6.08,5.16,5.62,4.01,5.89,5.44,5.36,5.15,5.77,5.73,25.0,5.53,3.4,3.92,5.67,3.96,4.4,4.89,4.55,2.5,4.61,1.04,4.39,3.99,5.15,6.09,25.0,5.44,3.65,5.3,5.58,1.9,3.08,6.27,5.59,5.94,3.88,4.94,6.15,5.53,5.53,4.71,5.65,5.13,5.48,6.23,3.69,5.84,6.01,5.78,6.08,4.8,6.0,2.44,3.67,5.1,25.0,4.76,5.0,6.26
1gcw_a,1.29,3.33,3.47,5.45,5.83,1.33,4.81,5.31,6.13,2.65,5.08,5.21,5.44,4.99,0.0,4.78,5.69,5.33,3.85,4.89,4.27,1.54,4.52,25.0,1.5,4.16,3.56,5.08,3.49,5.24,5.25,5.42,6.12,4.31,4.14,4.88,4.68,5.81,4.95,3.88,5.32,25.0,4.87,3.62,4.38,5.66,5.4,4.89,4.82,4.6,2.32,5.35,1.55,4.35,5.19,5.59,5.11,25.0,5.76,4.17,5.1,4.65,2.46,3.88,4.89,4.75,4.04,5.36,1.15,5.32,5.0,5.88,5.39,4.93,5.15,5.65,4.65,4.5,4.69,4.8,5.26,3.75,4.88,4.29,2.79,3.34,4.87,25.0,5.19,4.35,5.6
1i31_a,4.92,4.42,4.61,4.52,5.64,5.22,3.51,5.59,4.85,4.16,5.99,6.52,6.05,6.1,4.78,0.0,6.64,5.66,3.27,6.2,4.81,5.36,5.04,25.0,4.93,5.45,4.71,4.92,4.51,5.7,3.81,5.69,4.33,4.59,4.34,5.42,6.63,6.17,6.76,4.91,6.59,25.0,4.75,4.62,2.7,6.13,5.92,5.12,5.7,5.06,3.07,4.86,2.71,4.44,4.62,4.49,4.9,25.0,5.09,3.81,5.2,6.25,4.13,3.61,5.52,6.47,5.2,5.65,4.99,3.91,5.83,6.1,6.33,6.31,3.47,6.45,5.52,6.17,5.94,5.8,6.56,6.37,6.38,6.52,4.67,3.09,6.47,25.0,3.46,4.72,5.75
1j3h_a,5.35,4.55,4.43,6.5,5.85,5.05,4.07,3.07,5.65,4.65,5.26,5.77,5.97,5.62,5.69,6.64,0.0,6.64,3.35,5.75,4.6,5.98,4.69,25.0,5.18,4.98,3.05,6.21,5.02,5.65,5.76,5.08,5.62,4.97,4.47,5.48,6.68,6.88,7.11,5.07,2.9,25.0,6.38,3.28,3.62,6.69,6.3,5.05,4.84,5.21,2.54,4.63,1.03,3.78,3.78,5.85,5.84,25.0,5.39,3.96,4.32,6.92,2.15,4.16,6.18,6.58,4.79,6.73,4.95,5.3,4.6,5.41,6.88,4.11,4.81,7.25,6.07,6.27,6.59,6.74,2.87,6.64,6.31,6.61,2.69,3.1,7.31,25.0,5.27,4.44,6.78
1jj2_b,5.08,4.66,4.89,6.65,6.31,5.58,4.43,5.79,5.59,4.83,6.69,6.07,6.55,6.04,5.33,5.66,6.64,0.0,3.58,5.93,5.49,5.46,4.51,25.0,5.64,4.52,4.83,6.47,5.07,5.14,5.99,4.83,5.5,4.7,5.3,4.62,6.5,6.64,6.46,5.04,6.86,25.0,5.81,4.22,4.12,7.27,6.7,4.95,4.09,4.66,2.28,4.46,1.99,5.45,3.81,5.39,5.29,25.0,4.87,3.41,5.37,6.66,2.5,3.83,7.18,7.01,4.82,7.14,4.61,5.8,4.49,5.92,6.66,6.98,5.19,6.68,5.8,6.75,7.03,6.07,6.68,7.24,6.66,6.55,4.68,3.07,6.53,25.0,4.51,5.06,7.59
1kbe_a,4.36,3.76,3.51,3.01,3.16,4.36,3.06,3.71,3.28,3.59,3.22,2.51,2.92,2.75,3.85,3.27,3.35,3.58,0.0,4.29,4.31,3.67,3.47,25.0,3.74,4.2,3.02,3.63,3.74,3.0,3.04,3.24,3.38,3.32,3.57,3.68,4.0,3.41,3.45,3.54,3.04,25.0,3.62,3.36,3.52,3.52,4.27,3.45,3.42,3.22,2.17,3.23,2.05,3.47,2.66,4.05,3.75,25.0,4.07,3.67,4.09,3.37,3.9,4.23,3.61,3.79,4.18,2.86,3.14,3.59,4.17,3.78,3.27,3.76,3.06,4.05,3.2,3.54,3.22,3.43,3.67,3.54,2.66,3.25,2.15,2.95,3.53,25.0,3.45,3.76,3.73
1l6r_a,4.9,4.39,4.37,6.62,4.39,5.46,4.27,5.89,5.74,4.83,6.22,6.66,5.99,3.91,4.89,6.2,5.75,5.93,4.29,0.0,4.81,4.79,3.95,25.0,4.99,4.0,3.4,6.25,4.68,5.67,5.85,5.13,5.92,4.6,5.2,4.54,6.3,5.37,6.5,4.84,5.66,25.0,6.15,3.52,3.49,5.67,3.19,4.1,4.96,5.17,2.02,4.27,1.92,4.28,5.42,5.98,4.98,25.0,5.11,3.6,5.95,5.91,2.11,4.58,5.87,5.98,5.52,5.37,5.38,6.23,5.59,6.17,4.61,5.98,4.99,6.2,6.03,5.11,5.81,5.69,5.61,6.26,5.21,6.03,3.87,3.13,5.53,25.0,5.1,4.17,5.91
1m4r_a,4.12,4.09,4.2,5.64,5.29,4.12,5.06,4.15,5.53,3.64,4.67,5.49,5.27,5.06,4.27,4.81,4.6,5.49,4.31,4.81,0.0,3.94,5.45,25.0,4.15,4.35,3.95,4.88,4.03,4.96,5.55,5.1,5.45,5.09,4.04,5.22,5.44,5.0,4.81,4.95,5.49,25.0,5.95,2.7,3.97,4.4,5.22,5.12,4.82,5.65,2.67,4.61,2.27,4.3,5.79,5.53,5.1,25.0,4.62,4.64,5.02,4.91,2.54,4.66,5.36,5.18,4.79,5.81,4.16,5.34,5.43,5.81,5.83,5.47,4.67,5.19,5.72,4.69,4.43,5.03,5.08,4.74,4.95,5.23,2.78,2.97,5.42,25.0,4.81,3.55,4.78
1mbd_a,1.51,3.54,3.32,5.08,5.63,1.54,5.22,5.35,6.21,3.52,5.0,5.16,4.48,5.19,1.54,5.36,5.98,5.46,3.67,4.79,3.94,0.0,3.97,25.0,1.79,3.93,3.18,5.29,3.49,5.09,6.12,5.6,5.88,4.46,3.34,4.52,4.57,5.16,5.07,4.09,5.29,25.0,5.41,3.9,4.24,4.99,4.86,4.6,4.55,4.88,1.83,4.77,1.81,4.46,5.13,5.94,4.68,25.0,4.74,4.31,5.33,4.92,2.44,3.97,5.35,5.71,4.22,4.96,1.45,5.99,5.31,4.9,5.23,4.92,4.79,5.31,4.93,4.56,4.36,4.36,5.3,4.2,4.93,5.54,2.58,2.78,5.15,25.0,4.97,4.24,5.42
1n1d_a,4.51,4.88,4.62,5.25,5.35,4.87,4.28,4.88,5.12,4.87,4.88,5.25,5.31,3.98,4.52,5.04,4.69,4.51,3.47,3.95,5.45,3.97,0.0,25.0,5.2,3.99,4.06,4.99,4.88,4.71,5.53,4.59,5.81,5.87,4.67,4.34,4.31,4.0,3.74,5.14,5.51,25.0,4.92,3.94,3.81,4.2,3.41,4.49,5.38,5.37,2.83,4.77,1.85,4.17,5.15,5.06,4.78,25.0,5.9,4.71,4.94,4.97,2.61,4.75,5.09,4.67,5.54,4.26,4.67,5.16,4.71,4.23,4.97,5.01,4.16,3.4,4.08,3.89,4.98,5.18,4.42,5.42,5.11,4.64,3.06,2.75,5.17,25.0,4.49,4.57,4.84
1o5d_a,25.0,25.0,25.0,25.0,25.0,25.0,25.0,25.0,25.0,25.0,25.0,25.0,25.0,25.0,25.0,25.0,25.0,25.0,25.0,25.0,25.0,25.0,25.0,0.0,25.0,25.0,25.0,25.0,25.0,25.0,25.0,25.0,25.0,25.0,25.0,25.0,25.0,25.0,25.0,25.0,25.0,25.0,25.0,25.0,25.0,25.0,25.0,25.0,25.0,25.0,25.0,25.0,25.0,25.0,25.0,25.0,25.0,25.0,25.0,25.0,25.0,25.0,25.0,25.0,25.0,25.0,25.0,25.0,25.0,25.0,25.0,25.0,25.0,25.0,25.0,25.0,25.0,25.0,25.0,25.0,25.0,25.0,25.0,25.0,25.0,25.0,25.0,25.0,25.0,25.0,25.0
1out_a,0.97,3.56,3.64,5.88,5.37,0.99,4.06,5.22,5.94,3.47,4.47,4.7,5.42,5.14,1.5,4.93,5.18,5.64,3.74,4.99,4.15,1.79,5.2,25.0,0.0,3.75,3.3,5.36,3.59,5.57,5.86,4.63,5.86,4.5,3.87,5.17,4.15,5.12,4.98,3.85,5.35,25.0,5.29,3.13,4.2,5.43,5.39,5.57,4.9,4.65,2.29,4.52,1.24,4.5,4.2,5.68,5.28,25.0,5.49,4.25,5.09,4.61,2.7,4.16,5.52,4.73,4.73,5.22,1.03,5.44,5.01,4.33,5.38,4.73,3.95,5.73,4.37,4.48,4.75,5.1,4.95,4.17,5.17,5.31,2.8,3.18,5.47,25.0,4.92,4.22,5.71
1p3a_a,3.84,3.45,3.74,4.72,4.76,3.86,4.65,4.05,4.31,3.48,4.91,4.23,5.08,4.92,4.16,5.45,4.98,4.52,4.2,4.0,4.35,3.93,3.99,25.0,3.75,0.0,4.24,4.1,3.56,5.29,4.19,4.37,4.29,3.23,3.34,4.68,4.47,4.55,3.37,5.47,4.78,25.0,4.93,2.47,3.16,4.53,4.54,4.39,4.49,4.87,2.23,5.11,1.54,4.15,4.75,4.88,3.34,25.0,4.37,4.8,3.96,5.08,2.89,3.05,5.49,4.58,4.87,5.01,3.87,5.03,4.42,4.67,3.94,4.63,2.73,4.82,4.15,4.64,4.87,4.05,4.84,4.08,4.33,5.27,2.11,3.36,4.83,25.0,4.4,3.85,5.23
1q6a_a,3.38,3.99,3.73,4.41,4.12,3.52,4.95,4.97,4.65,3.85,4.64,4.29,4.5,4.4,3.56,4.71,3.05,4.83,3.02,3.4,3.95,3.18,4.06,25.0,3.3,4.24,0.0,4.95,4.56,4.95,4.69,3.63,4.91,4.52,4.48,4.65,3.72,5.08,3.76,4.81,4.0,25.0,4.33,3.32,3.51,4.32,4.27,3.79,4.45,4.2,2.2,5.46,1.28,4.41,4.51,4.76,4.83,25.0,4.58,4.42,4.71,4.4,2.84,3.56,5.47,4.69,4.2,3.76,3.51,5.07,4.35,3.35,4.82,4.87,2.74,4.55,3.59,3.78,4.0,3.46,4.81,4.64,3.89,3.83,2.96,2.51,3.74,25.0,4.48,4.71,4.09
1qg3_a,5.05,4.58,4.12,6.27,5.63,5.21,3.22,6.4,3.52,4.81,6.21,5.82,5.18,5.87,5.08,4.92,6.21,6.47,3.63,6.25,4.88,5.29,4.99,25.0,5.36,4.1,4.95,0.0,4.65,5.89,3.5,5.23,3.6,5.05,4.45,5.36,5.61,6.05,5.81,5.34,6.06,25.0,4.05,4.02,3.97,5.76,5.37,5.2,4.76,4.54,3.79,4.75,3.3,4.15,3.93,3.47,5.58,25.0,5.45,4.3,5.03,6.06,3.21,4.45,4.62,5.87,5.16,6.49,5.31,3.58,5.15,5.86,6.2,5.91,4.96,6.31,5.21,5.82,6.19,6.2,6.18,6.13,6.28,5.44,4.38,3.14,5.82,25.0,3.39,5.03,5.12
1qm0_a,3.84,2.59,2.06,5.43,3.62,3.53,4.74,4.33,4.33,1.92,4.25,4.17,4.55,3.92,3.49,4.51,5.02,5.07,3.74,4.68,4.03,3.49,4.88,25.0,3.59,3.56,4.56,4.65,0.0,4.6,4.3,4.16,5.11,4.7,1.77,4.59,5.31,4.33,4.14,4.63,4.62,25.0,4.85,3.17,4.09,4.86,4.36,5.14,4.75,4.12,1.61,4.69,1.4,4.45,4.35,4.67,3.06,25.0,5.0,4.92,3.54,4.16,2.61,4.19,4.49,4.52,4.39,4.53,3.68,4.4,4.38,4.18,4.18,3.87,3.88,4.33,4.34,4.12,4.16,3.74,3.9,3.72,4.38,4.54,1.88,3.0,3.47,25.0,4.68,4.45,4.41
1s7m_a,5.04,4.53,4.57,5.51,5.41,4.95,3.4,5.42,5.21,4.96,5.7,5.62,5.37,5.28,5.24,5.7,5.65,5.14,3.0,5.67,4.96,5.09,4.71,25.0,5.57,5.29,4.95,5.89,4.6,0.0,6.31,4.76,6.13,5.36,4.48,5.89,5.57,5.81,4.77,5.49,5.98,25.0,5.66,4.59,4.6,5.5,5.49,5.44,4.3,4.95,2.9,4.39,3.39,4.72,4.35,5.27,5.16,25.0,4.38,4.74,4.51,5.26,3.76,4.66,5.71,5.89,5.52,5.25,5.42,5.95,5.5,4.87,4.47,5.64,4.9,5.63,5.13,4.99,6.02,5.12,5.55,5.58,5.21,5.46,3.96,4.13,5.83,25.0,4.9,5.19,5.49
1t4w_a,5.52,4.22,4.24,5.43,5.48,5.8,4.05,5.9,5.12,3.89,6.07,5.87,5.34,5.59,5.25,3.81,5.76,5.99,3.04,5.85,5.55,6.12,5.53,25.0,5.86,4.19,4.69,3.5,4.3,6.31,0.0,5.54,2.75,5.44,4.53,5.7,5.46,5.95,6.08,4.86,5.76,25.0,4.35,3.77,3.72,5.03,5.47,5.57,5.79,4.37,2.03,4.17,2.23,4.59,4.82,2.68,4.72,25.0,5.51,3.88,5.71,6.22,3.1,3.91,4.55,5.72,5.17,5.76,5.88,2.87,5.69,6.2,5.49,5.87,4.43,6.33,5.4,5.71,6.08,5.68,5.43,5.5,6.07,5.23,4.06,3.01,6.16,25.0,3.31,5.1,5.73
1t8a_a,4.74,3.97,3.89,5.46,4.84,4.51,4.31,4.91,5.74,3.76,5.36,4.97,5.34,6.08,5.42,5.69,5.08,4.83,3.24,5.13,5.1,5.6,4.59,25.0,4.63,4.37,3.63,5.23,4.16,4.76,5.54,0.0,5.57,4.01,4.22,5.82,5.87,4.83,5.25,5.29,4.83,25.0,5.78,3.0,4.07,6.27,5.64,5.41,4.93,4.77,2.46,4.3,0.93,4.19,4.82,5.37,5.15,25.0,5.53,3.93,4.92,6.01,3.01,3.84,6.17,5.94,5.22,5.54,4.49,5.4,4.07,5.02,5.28,5.68,4.67,5.44,5.25,5.49,6.26,4.91,4.86,5.86,5.63,5.2,1.77,2.82,5.54,25.0,4.71,4.29,5.79
1tup_c,5.74,3.8,4.78,5.22,6.01,5.83,4.12,5.81,4.86,4.35,4.28,6.01,6.0,5.16,6.12,4.33,5.62,5.5,3.38,5.92,5.45,5.88,5.81,25.0,5.86,4.29,4.91,3.6,5.11,6.13,2.75,5.57,0.0,5.13,5.04,5.43,5.78,5.54,6.09,5.28,5.87,25.0,4.67,2.95,3.61,4.98,6.33,5.31,5.5,4.47,2.69,4.7,2.45,4.64,4.05,0.76,5.23,25.0,5.11,4.02,5.48,6.2,2.85,3.91,4.37,6.28,5.84,5.41,6.04,1.62,5.72,6.3,6.12,6.16,4.35,5.8,5.38,5.73,6.01,5.67,5.99,6.13,5.88,6.07,4.4,3.75,5.52,25.0,3.48,4.89,5.61
1u2b_a,5.23,4.93,3.88,5.32,4.85,5.34,4.44,5.7,4.49,4.26,4.93,3.99,4.66,5.62,4.31,4.59,4.97,4.7,3.32,4.6,5.09,4.46,5.87,25.0,4.5,3.23,4.52,5.05,4.7,5.36,5.44,4.01,5.13,0.0,3.61,5.68,5.15,5.87,5.07,4.29,5.0,25.0,5.37,2.88,3.93,4.85,5.36,4.82,4.91,5.02,2.06,4.63,2.07,3.65,4.42,5.6,5.17,25.0,3.27,3.65,4.49,5.48,2.22,3.43,5.7,5.15,4.49,5.0,4.43,5.42,6.07,5.56,4.8,4.2,2.98,5.68,5.43,5.33,4.54,3.73,4.59,5.65,3.93,4.97,3.0,3.17,5.01,25.0,4.98,3.35,5.42
1uw3_a,3.6,2.3,1.82,4.68,4.96,3.66,4.83,4.38,4.3,1.87,3.9,5.15,4.44,4.01,4.14,4.34,4.47,5.3,3.57,5.2,4.04,3.34,4.67,25.0,3.87,3.34,4.48,4.45,1.77,4.48,4.53,4.22,5.04,3.61,0.0,4.6,4.59,5.06,4.65,4.43,4.12,25.0,4.76,3.87,4.27,4.35,4.36,4.66,4.78,4.1,1.92,4.63,2.05,4.58,4.73,4.89,3.24,25.0,5.47,4.46,3.51,4.43,2.47,4.79,4.65,4.63,4.82,4.32,3.82,4.46,4.35,4.52,3.93,4.09,4.01,3.7,3.7,4.4,4.58,4.42,4.08,4.25,4.89,4.35,1.93,2.88,4.94,25.0,4.38,4.29,4.9
1v3a_a,4.89,3.86,5.1,5.24,5.88,4.9,4.46,5.26,5.46,4.48,4.98,5.26,5.2,5.89,4.88,5.42,5.48,4.62,3.68,4.54,5.22,4.52,4.34,25.0,5.17,4.68,4.65,5.36,4.59,5.89,5.7,5.82,5.43,5.68,4.6,0.0,5.13,4.7,5.85,4.35,5.57,25.0,6.14,3.63,3.79,3.95,4.99,4.45,5.02,5.35,2.6,4.84,0.92,4.97,5.61,5.34,4.91,25.0,5.5,4.77,5.54,5.32,3.23,4.33,4.76,5.23,5.87,5.32,4.9,5.75,5.31,4.06,4.99,5.73,3.65,4.75,5.86,4.8,4.57,5.12,5.23,5.69,4.42,5.17,2.68,3.1,5.33,25.0,5.12,3.68,5.26
1w4a_a,4.84,4.94,5.11,6.29,5.82,4.19,4.44,7.1,5.6,5.36,6.9,5.33,6.13,5.44,4.68,6.63,6.68,6.5,4.0,6.3,5.44,4.57,4.31,25.0,4.15,4.47,3.72,5.61,5.31,5.57,5.46,5.87,5.78,5.15,4.59,5.13,0.0,7.44,5.8,5.13,7.19,25.0,6.52,2.77,3.57,6.97,5.47,4.07,4.89,5.34,2.77,4.52,1.9,4.88,4.56,5.8,5.3,25.0,5.62,5.22,5.47,5.66,3.33,4.66,6.1,6.79,5.34,5.63,4.95,5.39,5.17,5.78,6.73,6.49,5.76,6.79,5.78,5.44,4.9,6.45,7.0,6.67,4.94,6.66,3.03,2.57,5.5,25.0,4.88,5.62,6.29
1x2a_a,5.38,4.11,4.53,6.61,5.61,5.33,3.99,6.61,5.81,4.78,6.73,5.87,6.46,5.36,5.81,6.17,6.88,6.64,3.41,5.37,5.0,5.16,4.0,25.0,5.12,4.55,5.08,6.05,4.33,5.81,5.95,4.83,5.54,5.87,5.06,4.7,7.44,0.0,5.89,4.61,6.8,25.0,6.98,4.24,3.45,6.91,5.5,4.48,4.79,5.95,2.3,4.38,1.42,4.9,4.16,6.05,5.49,25.0,5.1,3.82,4.81,6.08,3.33,3.41,7.28,6.79,5.46,4.88,5.59,5.69,5.43,5.4,5.76,6.68,4.92,6.11,6.46,4.97,5.78,6.6,6.4,7.37,5.86,7.41,2.55,3.37,5.86,25.0,5.01,5.32,6.19
1y3a_a,5.46,4.54,4.46,6.2,5.4,5.54,4.65,6.47,6.19,4.13,5.56,6.31,5.73,5.15,4.95,6.76,7.11,6.46,3.45,6.5,4.81,5.07,3.74,25.0,4.98,3.37,3.76,5.81,4.14,4.77,6.08,5.25,6.09,5.07,4.65,5.85,5.8,5.89,0.0,5.23,6.45,25.0,6.15,4.47,4.13,6.74,6.31,4.46,4.29,5.18,1.91,4.79,1.01,5.71,4.3,6.12,4.97,25.0,5.01,4.47,5.7,5.75,2.7,4.23,6.22,6.98,5.16,4.57,5.49,5.77,4.1,4.65,5.44,7.01,5.21,6.83,6.35,4.87,6.17,6.46,6.6,6.22,5.07,6.63,2.51,3.71,6.22,25.0,4.85,5.11,6.37
1z1a_a,4.14,4.14,4.41,5.07,5.38,3.95,4.68,6.02,4.42,4.84,5.03,4.99,5.56,5.77,3.88,4.91,5.07,5.04,3.54,4.84,4.95,4.09,5.14,25.0,3.85,5.47,4.81,5.34,4.63,5.49,4.86,5.29,5.28,4.29,4.43,4.35,5.13,4.61,5.23,0.0,5.43,25.0,5.24,2.45,4.31,4.79,4.58,5.36,4.4,4.82,3.77,4.62,1.88,4.59,4.9,5.34,4.82,25.0,4.49,4.36,4.72,4.99,3.67,4.24,4.93,5.42,4.91,5.33,3.89,5.07,4.85,4.68,5.57,5.44,4.96,5.07,5.25,5.26,5.7,5.57,4.5,5.11,4.89,5.09,3.93,3.85,5.47,25.0,5.59,4.84,5.2
2a2a_a,5.47,4.39,4.62,7.07,5.33,5.43,3.96,3.21,5.45,4.22,5.82,6.36,6.22,5.73,5.32,6.59,2.9,6.86,3.04,5.66,5.49,5.29,5.51,25.0,5.35,4.78,4.0,6.06,4.62,5.98,5.76,4.83,5.87,5.0,4.12,5.57,7.19,6.8,6.45,5.43,0.0,25.0,5.71,3.27,3.53,6.51,6.26,5.39,4.41,5.19,2.77,4.8,1.49,4.27,3.8,5.89,4.69,25.0,4.82,3.96,5.27,6.31,2.12,3.7,6.7,6.5,5.08,6.64,5.24,5.59,5.05,6.54,6.64,4.51,4.92,6.97,6.44,6.13,6.77,6.45,2.89,6.44,7.01,6.14,3.44,3.18,7.05,25.0,4.99,4.89,6.76
2b1a_a,25.0,25.0,25.0,25.0,25.0,25.0,25.0,25.0,25.0,25.0,25.0,25.0,25.0,25.0,25.0,25.0,25.0,25.0,25.0,25.0,25.0,25.0,25.0,25.0,25.0,25.0,25.0,25.0,25.0,25.0,25.0,25.0,25.0,25.0,25.0,25.0,25.0,25.0,25.0,25.0,25.0,0.0,25.0,25.0,25.0,25.0,25.0,25.0,25.0,25.0,25.0,25.0,25.0,25.0,25.0,25.0,25.0,25.0,25.0,25.0,25.0,25.0,25.0,25.0,25.0,25.0,25.0,25.0,25.0,25.0,25.0,25.0,25.0,25.0,25.0,25.0,25.0,25.0,25.0,25.0,25.0,25.0,25.0,25.0,25.0,25.0,25.0,25.0,25.0,25.0,25.0
2c3a_a,5.0,4.84,4.44,6.06,5.71,5.48,4.19,6.05,5.96,4.98,5.66,5.96,5.97,5.53,4.87,4.75,6.38,5.81,3.62,6.15,5.95,5.41,4.92,25.0,5.29,4.93,4.33,4.05,4.85,5.66,4.35,5.78,4.67,5.37,4.76,6.14,6.52,6.98,6.15,5.24,5.71,25.0,0.0,4.56,4.31,6.14,6.23,5.3,5.39,4.18,3.49,5.26,3.01,4.38,3.9,4.74,3.95,25.0,4.91,4.49,5.99,5.85,3.57,4.07,5.88,6.08,5.48,6.61,5.39,4.56,5.12,5.93,6.03,6.75,3.59,6.27,6.45,5.38,5.85,6.18,6.3,6.14,6.14,6.27,4.25,3.0,6.11,25.0,2.42,5.5,6.5
2d1a_a,3.8,3.47,2.04,3.27,3.12,3.72,2.93,3.0,3.06,2.81,4.67,3.82,4.13,3.4,3.62,4.62,3.28,4.22,3.36,3.52,2.7,3.9,3.94,25.0,3.13,2.47,3.32,4.02,3.17,4.59,3.77,3.0,2.95,2.88,3.87,3.63,2.77,4.24,4.47,2.45,3.27,25.0,4.56,0.0,3.78,3.19,3.07,2.12,3.56,2.26,4.83,3.3,3.1,2.46,3.39,2.63,3.44,25.0,3.98,1.6,2.99,2.88,2.32,1.88,3.36,5.02,3.09,3.85,2.94,3.95,2.06,4.69,3.51,3.76,2.74,4.32,3.87,4.34,3.42,2.32,3.63,3.08,4.51,3.68,3.13,3.55,2.96,25.0,3.61,3.17,4.31
2e1a_a,4.31,3.74,4.3,3.86,3.51,4.22,3.16,3.82,4.12,3.59,3.34,3.54,4.05,3.92,4.38,2.7,3.62,4.12,3.52,3.49,3.97,4.24,3.81,25.0,4.2,3.16,3.51,3.97,4.09,4.6,3.72,4.07,3.61,3.93,4.27,3.79,3.57,3.45,4.13,4.31,3.53,25.0,4.31,3.78,0.0,3.85,4.37,4.61,4.17,3.87,2.08,3.72,2.17,4.19,3.93,3.61,4.16,25.0,4.23,3.38,4.09,4.07,1.84,3.19,3.81,4.18,4.42,4.49,4.2,3.74,4.31,3.73,2.53,3.82,3.56,4.28,3.14,4.0,4.2,3.56,3.69,3.78,4.4,2.73,2.57,2.93,4.42,25.0,4.32,3.24,3.45
2f1a_a,5.7,5.19,4.71,7.17,6.31,5.48,3.86,6.14,5.78,4.61,9.14,5.78,6.27,5.67,5.66,6.13,6.69,7.27,3.52,5.67,4.4,4.99,4.2,25.0,5.43,4.53,4.32,5.76,4.86,5.5,5.03,6.27,4.98,4.85,4.35,3.95,6.97,6.91,6.74,4.79,6.51,25.0,6.14,3.19,3.85,0.0,5.39,3.74,5.13,5.2,2.63,4.35,0.98,4.73,4.94,4.74,5.35,25.0,4.36,4.31,4.59,6.1,3.18,3.92,6.17,7.43,5.23,6.79,5.66,5.46,5.6,4.54,5.8,7.27,4.73,7.58,6.94,5.84,5.2,7.23,6.08,7.73,7.67,7.81,2.33,2.79,5.24,25.0,4.6,3.8,7.08
2g1a_a,4.82,4.89,3.75,6.01,6.3,4.45,4.27,5.66,6.25,4.78,5.61,5.69,5.32,3.96,5.4,5.92,6.3,6.7,4.27,3.19,5.22,4.86,3.41,25.0,5.39,4.54,4.27,5.37,4.36,5.49,5.47,5.64,6.33,5.36,4.36,4.99,5.47,5.5,6.31,4.58,6.26,25.0,6.23,3.07,4.37,5.39,0.0,4.21,4.68,5.87,2.23,4.27,2.07,5.17,5.08,6.39,5.54,25.0,5.9,4.01,5.05,5.77,3.36,3.93,5.44,5.67,5.56,5.89,4.71,5.58,5.79,5.13,4.58,5.66,5.77,4.47,5.93,3.68,5.19,5.86,5.27,6.07,4.8,4.97,4.0,2.84,5.85,25.0,4.32,4.72,5.17
2h1a_a,5.23,4.27,4.48,4.97,5.66,5.4,3.6,4.9,5.53,4.65,5.76,4.87,5.42,4.4,4.89,5.12,5.05,4.95,3.45,4.1,5.12,4.6,4.49,25.0,5.57,4.39,3.79,5.2,5.14,5.44,5.57,5.41,5.31,4.82,4.66,4.45,4.07,4.48,4.46,5.36,5.39,25.0,5.3,2.12,4.61,3.74,4.21,0.0,5.0,4.94,2.4,5.03,1.49,4.29,4.72,5.3,4.84,25.0,4.95,5.41,5.57,4.42,2.36,4.71,4.64,4.56,5.56,4.03,4.78,5.65,4.34,4.91,4.6,5.53,4.91,4.27,5.62,4.38,4.87,5.85,5.53,5.33,4.17,4.7,2.69,3.04,4.73,25.0,4.85,4.71,4.36
2i1a_a,4.77,4.85,4.99,5.17,5.22,5.05,4.81,5.2,5.14,4.81,4.43,5.44,5.06,4.89,4.82,5.7,4.84,4.09,3.42,4.96,4.82,4.55,5.38,25.0,4.9,4.49,4.45,4.76,4.75,4.3,5.79,4.93,5.5,4.91,4.78,5.02,4.89,4.79,4.29,4.4,4.41,25.0,5.39,3.56,4.17,5.13,4.68,5.0,0.0,5.66,2.8,3.76,1.47,4.23,5.01,5.27,5.42,25.0,5.56,4.56,4.98,5.15,3.76,4.81,4.94,5.51,4.64,5.41,4.68,5.17,4.39,5.0,4.78,4.7,4.29,4.71,4.67,4.99,5.62,4.5,5.06,5.2,5.19,5.1,4.16,3.7,4.88,25.0,5.22,5.07,4.98
2j1a_a,4.6,3.67,4.5,5.51,4.5,4.65,3.79,5.77,4.86,4.44,4.2,5.37,5.37,4.55,4.6,5.06,5.21,4.66,3.22,5.17,5.65,4.88,5.37,25.0,4.65,4.87,4.2,4.54,4.12,4.95,4.37,4.77,4.47,5.02,4.1,5.35,5.34,5.95,5.18,4.82,5.19,25.0,4.18,2.26,3.87,5.2,5.87,4.94,5.66,0.0,3.25,4.51,2.57,4.37,4.3,4.53,5.11,25.0,5.01,3.96,5.18,4.76,3.44,3.86,4.73,4.89,5.35,5.65,4.76,4.63,4.36,4.87,4.64,5.24,5.22,5.81,4.67,5.38,5.26,5.44,4.9,5.06,5.63,5.32,4.49,2.75,5.2,25.0,4.34,4.23,5.44
2k1a_a,2.12,2.47,2.16,2.65,2.51,1.56,3.97,2.52,2.31,1.93,2.21,2.15,2.93,2.5,2.32,3.07,2.54,2.28,2.17,2.02,2.67,1.83,2.83,25.0,2.29,2.23,2.2,3.79,1.61,2.9,2.03,2.46,2.69,2.06,1.92,2.6,2.77,2.3,1.91,3.77,2.77,25.0,3.49,4.83,2.08,2.63,2.23,2.4,2.8,3.25,0.0,2.26,1.66,3.38,3.21,2.71,1.18,25.0,4.46,2.83,1.61,2.32,2.42,3.24,3.72,3.77,2.43,2.11,2.63,2.99,2.6,1.48,2.72,2.21,1.81,2.98,2.4,2.59,2.5,2.9,1.95,2.81,2.11,2.03,1.98,2.26,2.72,25.0,2.67,1.66,2.25
2l1a_a,4.71,4.39,4.75,5.49,5.52,4.51,4.73,4.02,4.63,4.42,2.65,4.47,5.2,4.61,5.35,4.86,4.63,4.46,3.23,4.27,4.61,4.77,4.77,25.0,4.52,5.11,5.46,4.75,4.69,4.39,4.17,4.3,4.7,4.63,4.63,4.84,4.52,4.38,4.79,4.62,4.8,25.0,5.26,3.3,3.72,4.35,4.27,5.03,3.76,4.51,2.26,0.0,1.68,3.44,3.98,4.2,4.41,25.0,4.55,4.43,5.11,5.11,1.86,3.65,4.77,5.53,4.28,4.43,4.44,4.23,4.82,4.72,5.52,4.61,4.94,4.54,4.71,4.87,5.04,4.9,4.39,4.43,4.9,4.34,3.05,2.28,4.67,25.0,3.68,4.62,5.04
2m1a_a,2.0,1.79,1.26,3.68,1.49,1.92,1.58,1.81,1.81,1.64,1.31,0.87,1.67,1.04,1.55,2.71,1.03,1.99,2.05,1.92,2.27,1.81,1.85,25.0,1.24,1.54,1.28,3.3,1.4,3.39,2.23,0.93,2.45,2.07,2.05,0.92,1.9,1.42,1.01,1.88,1.49,25.0,3.01,3.1,2.17,0.98,2.07,1.49,1.47,2.57,1.66,1.68,0.0,2.9,2.53,2.3,2.0,25.0,3.26,2.37,1.19,1.37,1.67,2.6,1.86,1.75,0.54,2.48,1.4,1.35,2.03,2.28,1.89,1.43,1.0,1.13,1.31,1.58,1.89,0.9,1.87,1.25,1.0,2.08,1.13,1.62,1.53,25.0,3.01,1.37,1.81
2n1a_a,4.68,4.04,4.42,4.7,5.0,4.49,4.25,4.42,3.68,4.79,3.09,4.51,4.35,4.39,4.35,4.44,3.78,5.45,3.47,4.28,4.3,4.46,4.17,25.0,4.5,4.15,4.41,4.15,4.45,4.72,4.59,4.19,4.64,3.65,4.58,4.97,4.88,4.9,5.71,4.59,4.27,25.0,4.38,2.46,4.19,4.73,5.17,4.29,4.23,4.37,3.38,3.44,2.9,0.0,3.9,4.51,4.44,25.0,4.31,4.63,4.3,4.63,3.6,3.8,4.38,4.32,4.5,3.64,4.39,4.54,4.37,3.57,4.54,5.12,3.96,4.95,4.14,4.5,4.55,4.94,4.82,5.22,4.6,4.22,5.11,3.56,5.36,25.0,3.47,4.25,5.17
2o1a_a,5.49,4.78,4.55,4.96,4.25,5.02,3.53,4.13,3.61,4.42,3.79,3.64,4.76,3.99,5.19,4.62,3.78,3.81,2.66,5.42,5.79,5.13,5.15,25.0,4.2,4.75,4.51,3.93,4.35,4.35,4.82,4.82,4.05,4.42,4.73,5.61,4.56,4.16,4.3,4.9,3.8,25.0,3.9,3.39,3.93,4.94,5.08,4.72,5.01,4.3,3.21,3.98,2.53,3.9,0.0,3.91,5.27,25.0,5.11,4.45,4.75,4.44,2.74,4.76,4.74,5.29,5.19,4.83,5.3,4.59,5.09,5.23,4.61,3.32,3.71,5.38,4.11,5.53,6.07,4.92,3.58,4.78,4.31,5.1,4.03,3.65,4.73,25.0,4.29,5.09,4.76
2ocj_a,5.93,4.22,3.88,4.98,5.94,5.76,4.12,5.74,4.83,4.29,5.42,5.94,5.43,5.15,5.59,4.49,5.85,5.39,4.05,5.98,5.53,5.94,5.06,25.0,5.68,4.88,4.76,3.47,4.67,5.27,2.68,5.37,0.76,5.6,4.89,5.34,5.8,6.05,6.12,5.34,5.89,25.0,4.74,2.63,3.61,4.74,6.39,5.3,5.27,4.53,2.71,4.2,2.3,4.51,3.91,0.0,4.77,25.0,5.24,3.99,5.46,6.25,2.94,3.95,3.81,6.51,5.38,5.23,5.72,1.41,4.92,6.04,5.61,6.41,4.39,5.78,5.35,5.79,5.69,5.85,5.56,5.59,5.82,4.64,3.57,3.62,5.55,25.0,3.39,5.23,5.37
2p1a_a,4.96,3.32,2.85,5.52,4.13,5.01,4.56,4.79,5.25,4.05,4.83,4.9,5.46,6.09,5.11,4.9,5.84,5.29,3.75,4.98,5.1,4.68,4.78,25.0,5.28,3.34,4.83,5.58,3.06,5.16,4.72,5.15,5.23,5.17,3.24,4.91,5.3,5.49,4.97,4.82,4.69,25.0,3.95,3.44,4.16,5.35,5.54,4.84,5.42,5.11,1.18,4.41,2.0,4.44,5.27,4.77,0.0,25.0,5.09,3.98,4.54,4.9,1.83,4.08,5.4,5.08,4.24,5.39,5.31,4.83,4.91,5.36,4.71,4.37,5.61,5.17,5.17,5.27,5.32,5.16,5.53,4.59,5.4,4.99,1.53,3.46,5.65,25.0,4.89,4.93,5.12
2q1a_a,25.0,25.0,25.0,25.0,25.0,25.0,25.0,25.0,25.0,25.0,25.0,25.0,25.0,25.0,25.0,25.0,25.0,25.0,25.0,25.0,25.0,25.0,25.0,25.0,25.0,25.0,25.0,25.0,25.0,25.0,25.0,25.0,25.0,25.0,25.0,25.0,25.0,25.0,25.0,25.0,25.0,25.0,25.0,25.0,25.0,25.0,25.0,25.0,25.0,25.0,25.0,25.0,25.0,25.0,25.0,25.0,25.0,0.0,25.0,25.0,25.0,25.0,25.0,25.0,25.0,25.0,25.0,25.0,25.0,25.0,25.0,25.0,25.0,25.0,25.0,25.0,25.0,25.0,25.0,25.0,25.0,25.0,25.0,25.0,25.0,25.0,25.0,25.0,25.0,25.0,25.0
2r1a_a,5.51,4.93,5.03,5.26,4.28,4.97,4.44,4.99,4.3,4.57,4.91,5.33,5.32,5.44,5.76,5.09,5.39,4.87,4.07,5.11,4.62,4.74,5.9,25.0,5.49,4.37,4.58,5.45,5.0,4.38,5.51,5.53,5.11,3.27,5.47,5.5,5.62,5.1,5.01,4.49,4.82,25.0,4.91,3.98,4.23,4.36,5.9,4.95,5.56,5.01,4.46,4.55,3.26,4.31,5.11,5.24,5.09,25.0,0.0,4.41,4.7,5.17,2.99,4.34,5.4,5.65,5.02,4.89,5.17,5.14,5.39,5.72,5.12,5.24,5.48,5.33,5.41,5.14,5.55,5.55,5.31,4.7,5.05,5.25,4.95,3.78,5.62,25.0,4.57,5.34,4.7
2u1a_a,4.43,4.49,4.93,5.0,4.2,4.35,4.06,4.18,4.7,4.28,4.01,4.47,4.02,3.65,4.17,3.81,3.96,3.41,3.67,3.6,4.64,4.31,4.71,25.0,4.25,4.8,4.42,4.3,4.92,4.74,3.88,3.93,4.02,3.65,4.46,4.77,5.22,3.82,4.47,4.36,3.96,25.0,4.49,1.6,3.38,4.31,4.01,5.41,4.56,3.96,2.83,4.43,2.37,4.63,4.45,3.99,3.98,25.0,4.41,0.0,4.32,4.1,2.02,2.41,4.93,4.32,4.26,5.32,4.3,4.02,4.12,4.53,3.07,3.88,3.43,4.95,3.75,4.1,5.01,5.13,4.13,3.93,4.31,3.12,2.68,3.69,4.26,25.0,4.5,4.47,4.66
2v1a_a,5.03,4.47,3.59,5.07,5.05,5.18,4.45,5.41,5.5,3.66,4.89,5.53,5.88,5.3,5.1,5.2,4.32,5.37,4.09,5.95,5.02,5.33,4.94,25.0,5.09,3.96,4.71,5.03,3.54,4.51,5.71,4.92,5.48,4.49,3.51,5.54,5.47,4.81,5.7,4.72,5.27,25.0,5.99,2.99,4.09,4.59,5.05,5.57,4.98,5.18,1.61,5.11,1.19,4.3,4.75,5.46,4.54,25.0,4.7,4.32,0.0,5.61,2.88,4.24,5.5,5.33,5.57,5.43,5.13,5.65,5.74,5.39,5.38,5.57,4.41,6.18,4.23,5.53,5.79,4.72,4.62,5.14,5.59,5.01,1.82,2.63,5.41,25.0,5.07,3.88,5.46
2w1a_a,4.74,3.62,3.9,7.72,5.75,4.78,4.35,7.16,5.89,3.82,7.46,5.89,6.18,5.58,4.65,6.25,6.92,6.66,3.37,5.91,4.91,4.92,4.97,25.0,4.61,5.08,4.4,6.06,4.16,5.26,6.22,6.01,6.2,5.48,4.43,5.32,5.66,6.08,5.75,4.99,6.31,25.0,5.85,2.88,4.07,6.1,5.77,4.42,5.15,4.76,2.32,5.11,1.37,4.63,4.44,6.25,4.9,25.0,5.17,4.1,5.61,0.0,3.09,3.97,6.63,6.13,5.53,5.87,5.01,5.98,5.64,3.66,5.44,6.78,4.87,7.82,6.27,5.87,4.79,6.32,6.24,7.44,6.32,7.2,3.66,2.06,4.57,25.0,5.39,4.36,6.57
2wtt_a,2.87,3.05,2.64,3.33,2.03,2.86,2.51,2.47,3.6,2.38,2.29,2.67,3.74,1.9,2.46,4.13,2.15,2.5,3.9,2.11,2.54,2.44,2.61,25.0,2.7,2.89,2.84,3.21,2.61,3.76,3.1,3.01,2.85,2.22,2.47,3.23,3.33,3.33,2.7,3.67,2.12,25.0,3.57,2.32,1.84,3.18,3.36,2.36,3.76,3.44,2.42,1.86,1.67,3.6,2.74,2.94,1.83,25.0,2.99,2.02,2.88,3.09,0.0,1.97,3.35,3.64,2.64,2.5,2.65,3.78,2.65,2.43,2.11,3.32,3.03,2.7,3.15,1.66,3.59,2.93,2.98,3.09,2.28,3.1,1.99,2.13,1.9,25.0,3.65,1.87,2.43
2x1a_a,4.16,4.5,3.61,4.93,4.3,4.16,3.34,4.12,4.43,4.5,3.91,3.84,4.14,3.08,3.88,3.61,4.16,3.83,4.23,4.58,4.66,3.97,4.75,25.0,4.16,3.05,3.56,4.45,4.19,4.66,3.91,3.84,3.91,3.43,4.79,4.33,4.66,3.41,4.23,4.24,3.7,25.0,4.07,1.88,3.19,3.92,3.93,4.71,4.81,3.86,3.24,3.65,2.6,3.8,4.76,3.95,4.08,25.0,4.34,2.41,4.24,3.97,1.97,0.0,4.23,3.89,4.28,4.23,4.11,4.08,4.31,4.14,4.08,3.1,3.48,4.36,4.02,4.04,4.34,4.03,3.6,4.36,4.63,3.24,3.51,3.22,3.99,25.0,4.0,4.64,3.73
2y1a_a,5.59,4.84,4.4,7.32,5.31,5.64,4.21,6.55,6.05,4.75,6.46,6.34,6.24,6.27,4.89,5.52,6.18,7.18,3.61,5.87,5.36,5.35,5.09,25.0,5.52,5.49,5.47,4.62,4.49,5.71,4.55,6.17,4.37,5.7,4.65,4.76,6.1,7.28,6.22,4.93,6.7,25.0,5.88,3.36,3.81,6.17,5.44,4.64,4.94,4.73,3.72,4.77,1.86,4.38,4.74,3.81,5.4,25.0,5.4,4.93,5.5,6.63,3.35,4.23,0.0,6.33,5.65,6.94,5.69,4.87,4.67,6.32,6.44,6.86,5.62,7.17,6.38,6.28,6.71,6.64,6.54,7.12,7.01,6.98,5.01,4.15,6.86,25.0,4.0,4.95,7.24
2z1a_a,4.49,4.47,4.69,7.2,5.96,4.52,4.34,6.72,6.35,4.57,8.09,6.63,6.37,5.59,4.75,6.47,6.58,7.01,3.79,5.98,5.18,5.71,4.67,25.0,4.73,4.58,4.69,5.87,4.52,5.89,5.72,5.94,6.28,5.15,4.63,5.23,6.79,6.79,6.98,5.42,6.5,25.0,6.08,5.02,4.18,7.43,5.67,4.56,5.51,4.89,3.77,5.53,1.75,4.32,5.29,6.51,5.08,25.0,5.65,4.32,5.33,6.13,3.64,3.89,6.33,0.0,5.07,6.78,4.63,5.84,5.28,5.2,6.47,6.73,5.0,7.45,5.38,6.12,5.49,7.29,6.51,7.61,7.39,7.9,2.9,3.1,5.39,25.0,5.13,4.59,6.89
3a1a_a,4.29,5.25,4.62,5.36,5.43,4.3,5.08,5.13,5.38,5.32,5.03,5.04,5.5,5.94,4.04,5.2,4.79,4.82,4.18,5.52,4.79,4.22,5.54,25.0,4.73,4.87,4.2,5.16,4.39,5.52,5.17,5.22,5.84,4.49,4.82,5.87,5.34,5.46,5.16,4.91,5.08,25.0,5.48,3.09,4.42,5.23,5.56,5.56,4.64,5.35,2.43,4.28,0.54,4.5,5.19,5.38,4.24,25.0,5.02,4.26,5.57,5.53,2.64,4.28,5.65,5.07,0.0,5.21,4.24,5.53,5.12,5.36,4.92,4.6,5.06,5.24,5.84,4.91,5.29,5.44,4.63,5.54,5.36,4.78,3.05,3.94,5.12,25.0,4.91,4.96,5.72
3c1a_a,5.44,5.11,4.69,5.45,5.2,5.5,4.68,6.63,4.69,4.76,6.43,6.3,6.27,3.88,5.36,5.65,6.73,7.14,2.86,5.37,5.81,4.96,4.26,25.0,5.22,5.01,3.76,6.49,4.53,5.25,5.76,5.54,5.41,5.0,4.32,5.32,5.63,4.88,4.57,5.33,6.64,25.0,6.61,3.85,4.49,6.79,5.89,4.03,5.41,5.65,2.11,4.43,2.48,3.64,4.83,5.23,5.39,25.0,4.89,5.32,5.43,5.87,2.5,4.23,6.94,6.78,5.21,0.0,5.29,5.27,5.18,5.6,4.76,7.2,5.29,6.42,6.31,4.8,6.23,6.63,6.74,6.36,5.84,6.83,2.87,3.07,5.91,25.0,4.69,5.14,6.38
3d1a_a,0.67,3.11,3.48,5.57,5.39,0.7,4.7,5.31,5.71,2.75,4.95,5.09,6.04,4.94,1.15,4.99,4.95,4.61,3.14,5.38,4.16,1.45,4.67,25.0,1.03,3.87,3.51,5.31,3.68,5.42,5.88,4.49,6.04,4.43,3.82,4.9,4.95,5.59,5.49,3.89,5.24,25.0,5.39,2.94,4.2,5.66,4.71,4.78,4.68,4.76,2.63,4.44,1.4,4.39,5.3,5.72,5.31,25.0,5.17,4.3,5.13,5.01,2.65,4.11,5.69,4.63,4.24,5.29,0.0,5.09,5.3,4.72,5.92,4.45,4.91,5.33,4.41,4.24,4.82,3.96,5.41,4.2,5.01,4.99,2.8,2.74,4.68,25.0,4.96,4.26,5.69
3exj_a,5.39,4.25,4.35,6.2,5.77,5.38,3.92,5.95,4.77,4.4,4.61,6.03,6.01,6.15,5.32,3.91,5.3,5.8,3.59,6.23,5.34,5.99,5.16,25.0,5.44,5.03,5.07,3.58,4.4,5.95,2.87,5.4,1.62,5.42,4.46,5.75,5.39,5.69,5.77,5.07,5.59,25.0,4.56,3.95,3.74,5.46,5.58,5.65,5.17,4.63,2.99,4.23,1.35,4.54,4.59,1.41,4.83,25.0,5.14,4.02,5.65,5.98,3.78,4.08,4.87,5.84,5.53,5.27,5.09,0.0,5.4,6.12,5.38,5.88,4.36,6.25,5.34,6.27,5.77,5.88,5.41,5.76,5.66,5.02,3.05,2.49,5.88,25.0,3.56,4.1,5.76
3f1a_a,4.85,4.67,4.72,5.87,5.86,5.03,4.32,5.8,4.89,4.83,5.44,5.42,5.24,5.53,5.0,5.83,4.6,4.49,4.17,5.59,5.43,5.31,4.71,25.0,5.01,4.42,4.35,5.15,4.38,5.5,5.69,4.07,5.72,6.07,4.35,5.31,5.17,5.43,4.1,4.85,5.05,25.0,5.12,2.06,4.31,5.6,5.79,4.34,4.39,4.36,2.6,4.82,2.03,4.37,5.09,4.92,4.91,25.0,5.39,4.12,5.74,5.64,2.65,4.31,4.67,5.28,5.12,5.18,5.3,5.4,0.0,5.67,5.37,5.16,4.3,5.28,5.23,3.86,5.7,3.8,5.14,5.1,5.46,5.31,2.68,3.44,5.59,25.0,5.22,4.25,4.67
3g1a_a,4.8,5.47,3.91,6.46,6.44,5.94,3.82,6.81,6.3,4.49,6.17,5.86,6.05,5.53,5.88,6.1,5.41,5.92,3.78,6.17,5.81,4.9,4.23,25.0,4.33,4.67,3.35,5.86,4.18,4.87,6.2,5.02,6.3,5.56,4.52,4.06,5.78,5.4,4.65,4.68,6.54,25.0,5.93,4.69,3.73,4.54,5.13,4.91,5.0,4.87,1.48,4.72,2.28,3.57,5.23,6.04,5.36,25.0,5.72,4.53,5.39,3.66,2.43,4.14,6.32,5.2,5.36,5.6,4.72,6.12,5.67,0.0,5.35,6.06,4.13,5.78,5.81,5.44,3.79,5.49,6.53,6.03,5.42,6.29,3.09,2.79,3.16,25.0,5.14,4.69,5.8
3h1a_a,5.28,4.21,4.25,6.61,5.56,5.78,4.21,5.87,6.05,4.19,6.62,6.43,6.04,4.71,5.39,6.33,6.88,6.66,3.27,4.61,5.83,5.23,4.97,25.0,5.38,3.94,4.82,6.2,4.18,4.47,5.49,5.28,6.12,4.8,3.93,4.99,6.73,5.76,5.44,5.57,6.64,25.0,6.03,3.51,2.53,5.8,4.58,4.6,4.78,4.64,2.72,5.52,1.89,4.54,4.61,5.61,4.71,25.0,5.12,3.07,5.38,5.44,2.11,4.08,6.44,6.47,4.92,4.76,5.92,5.38,5.37,5.35,0.0,6.3,4.88,5.77,6.47,4.53,6.21,6.7,5.96,6.28,5.36,5.42,3.22,2.9,6.03,25.0,5.05,4.57,5.63
3i1a_a,4.9,4.48,4.21,6.3,5.5,4.22,4.95,4.65,5.2,4.11,4.22,6.07,6.69,5.65,4.93,6.31,4.11,6.98,3.76,5.98,5.47,4.92,5.01,25.0,4.73,4.63,4.87,5.91,3.87,5.64,5.87,5.68,6.16,4.2,4.09,5.73,6.49,6.68,7.01,5.44,4.51,25.0,6.75,3.76,3.82,7.27,5.66,5.53,4.7,5.24,2.21,4.61,1.43,5.12,3.32,6.41,4.37,25.0,5.24,3.88,5.57,6.78,3.32,3.1,6.86,6.73,4.6,7.2,4.45,5.88,5.16,6.06,6.3,0.0,4.04,6.72,6.17,6.32,7.07,6.55,4.44,7.12,6.53,6.23,2.82,2.22,6.81,25.0,4.71,4.11,6.5
3j1a_a,4.84,3.87,3.99,5.43,5.16,4.8,4.23,4.9,4.63,3.94,4.48,5.45,5.33,5.13,5.15,3.47,4.81,5.19,3.06,4.99,4.67,4.79,4.16,25.0,3.95,2.73,2.74,4.96,3.88,4.9,4.43,4.67,4.35,2.98,4.01,3.65,5.76,4.92,5.21,4.96,4.92,25.0,3.59,2.74,3.56,4.73,5.77,4.91,4.29,5.22,1.81,4.94,1.0,3.96,3.71,4.39,5.61,25.0,5.48,3.43,4.41,4.87,3.03,3.48,5.62,5.0,5.06,5.29,4.91,4.36,4.3,4.13,4.88,4.04,0.0,4.95,3.84,4.29,4.4,3.97,5.1,5.14,5.0,5.79,3.51,2.5,5.65,25.0,4.07,4.0,4.98
3k1a_a,5.68,4.42,4.88,6.99,5.46,5.93,4.01,6.79,5.84,4.22,7.27,6.26,6.31,5.48,5.65,6.45,7.25,6.68,4.05,6.2,5.19,5.31,3.4,25.0,5.73,4.82,4.55,6.31,4.33,5.63,6.33,5.44,5.8,5.68,3.7,4.75,6.79,6.11,6.83,5.07,6.97,25.0,6.27,4.32,4.28,7.58,4.47,4.27,4.71,5.81,2.98,4.54,1.13,4.95,5.38,5.78,5.17,25.0,5.33,4.95,6.18,7.82,2.7,4.36,7.17,7.45,5.24,6.42,5.33,6.25,5.28,5.78,5.77,6.72,4.95,0.0,6.24,5.93,6.74,6.69,7.03,6.98,6.41,8.18,3.8,2.18,5.14,25.0,4.78,4.14,6.37
3l1a_a,4.73,4.34,4.51,6.24,6.04,4.53,4.1,6.33,4.79,3.5,6.71,5.55,5.59,6.23,4.65,5.52,6.07,5.8,3.2,6.03,5.72,4.93,4.08,25.0,4.37,4.15,3.59,5.21,4.34,5.13,5.4,5.25,5.38,5.43,3.7,5.86,5.78,6.46,6.35,5.25,6.44,25.0,6.45,3.87,3.14,6.94,5.93,5.62,4.67,4.67,2.4,4.71,1.31,4.14,4.11,5.35,5.17,25.0,5.41,3.75,4.23,6.27,3.15,4.02,6.38,5.38,5.84,6.31,4.41,5.34,5.23,5.81,6.47,6.17,3.84,6.24,0.0,6.47,6.6,6.54,5.85,6.08,6.73,6.08,2.64,2.9,6.14,25.0,4.48,4.96,6.49
3m1a_a,4.73,4.66,4.5,6.61,5.99,4.54,4.73,6.48,5.44,4.65,6.58,6.32,6.06,3.69,4.5,6.17,6.27,6.75,3.54,5.11,4.69,4.56,3.89,25.0,4.48,4.64,3.78,5.82,4.12,4.99,5.71,5.49,5.73,5.33,4.4,4.8,5.44,4.97,4.87,5.26,6.13,25.0,5.38,4.34,4.0,5.84,3.68,4.38,4.99,5.38,2.59,4.87,1.58,4.5,5.53,5.79,5.27,25.0,5.14,4.1,5.53,5.87,1.66,4.04,6.28,6.12,4.91,4.8,4.24,6.27,3.86,5.44,4.53,6.32,4.29,5.93,6.47,0.0,5.38,5.89,5.73,6.15,5.53,5.24,2.81,2.92,6.06,25.0,4.75,5.52,5.59
3n1a_a,4.82,4.29,4.07,6.98,5.99,4.62,4.84,6.63,6.07,4.68,7.08,6.27,6.17,5.84,4.69,5.94,6.59,7.03,3.22,5.81,4.43,4.36,4.98,25.0,4.75,4.87,4.0,6.19,4.16,6.02,6.08,6.26,6.01,4.54,4.58,4.57,4.9,5.78,6.17,5.7,6.77,25.0,5.85,3.42,4.2,5.2,5.19,4.87,5.62,5.26,2.5,5.04,1.89,4.55,6.07,5.69,5.32,25.0,5.55,5.01,5.79,4.79,3.59,4.34,6.71,5.49,5.29,6.23,4.82,5.77,5.7,3.79,6.21,7.07,4.4,6.74,6.6,5.38,0.0,6.17,6.18,6.74,5.75,7.39,4.63,3.14,4.18,25.0,5.44,5.16,6.42
3o1a_a,4.86,3.92,3.74,7.3,6.71,5.08,4.87,5.92,5.85,3.82,7.11,5.46,6.7,6.01,4.8,5.8,6.74,6.07,3.43,5.69,5.03,4.36,5.18,25.0,5.1,4.05,3.46,6.2,3.74,5.12,5.68,4.91,5.67,3.73,4.42,5.12,6.45,6.6,6.46,5.57,6.45,25.0,6.18,2.32,3.56,7.23,5.86,5.85,4.5,5.44,2.9,4.9,0.9,4.94,4.92,5.85,5.16,25.0,5.55,5.13,4.72,6.32,2.93,4.03,6.64,7.29,5.44,6.63,3.96,5.88,3.8,5.49,6.7,6.55,3.97,6.69,6.54,5.89,6.17,0.0,5.72,3.46,6.63,7.06,3.08,2.49,6.02,25.0,4.77,4.26,6.73
3p1a_a,5.23,4.09,4.01,6.45,5.17,5.17,4.89,3.13,5.42,3.71,5.11,5.69,6.37,5.78,5.26,6.56,2.87,6.68,3.67,5.61,5.08,5.3,4.42,25.0,4.95,4.84,4.81,6.18,3.9,5.55,5.43,4.86,5.99,4.59,4.08,5.23,7.0,6.4,6.6,4.5,2.89,25.0,6.3,3.63,3.69,6.08,5.27,5.53,5.06,4.9,1.95,4.39,1.87,4.82,3.58,5.56,5.53,25.0,5.31,4.13,4.62,6.24,2.98,3.6,6.54,6.51,4.63,6.74,5.41,5.41,5.14,6.53,5.96,4.44,5.1,7.03,5.85,5.73,6.18,5.72,0.0,6.29,6.1,6.92,2.53,3.23,6.42,25.0,4.86,4.52,6.23
3r1a_a,4.34,4.35,3.6,6.93,6.09,4.2,4.8,6.28,5.4,4.06,7.25,5.47,6.22,6.08,3.75,6.37,6.64,7.24,3.54,6.26,4.74,4.2,5.42,25.0,4.17,4.08,4.64,6.13,3.72,5.58,5.5,5.86,6.13,5.65,4.25,5.69,6.67,7.37,6.22,5.11,6.44,25.0,6.14,3.08,3.78,7.73,6.07,5.33,5.2,5.06,2.81,4.43,1.25,5.22,4.78,5.59,4.59,25.0,4.7,3.93,5.14,7.44,3.09,4.36,7.12,7.61,5.54,6.36,4.2,5.76,5.1,6.03,6.28,7.12,5.14,6.98,6.08,6.15,6.74,3.46,6.29,0.0,6.83,7.05,2.62,3.23,6.49,25.0,5.24,4.95,6.61
3s1a_a,5.39,4.56,4.6,7.12,5.51,5.15,4.88,6.72,5.95,4.02,8.12,5.14,6.66,4.8,4.88,6.38,6.31,6.66,2.66,5.21,4.95,4.93,5.11,25.0,5.17,4.33,3.89,6.28,4.38,5.21,6.07,5.63,5.88,3.93,4.89,4.42,4.94,5.86,5.07,4.89,7.01,25.0,6.14,4.51,4.4,7.67,4.8,4.17,5.19,5.63,2.11,4.9,1.0,4.6,4.31,5.82,5.4,25.0,5.05,4.31,5.59,6.32,2.28,4.63,7.01,7.39,5.36,5.84,5.01,5.66,5.46,5.42,5.36,6.53,5.0,6.41,6.73,5.53,5.75,6.63,6.1,6.83,0.0,7.86,4.99,2.85,6.49,25.0,4.66,3.71,6.96
3t1a_a,4.57,4.29,4.7,7.13,5.75,4.72,4.59,6.6,5.8,3.91,7.66,5.84,6.74,6.0,4.29,6.52,6.61,6.55,3.25,6.03,5.23,5.54,4.64,25.0,5.31,5.27,3.83,5.44,4.54,5.46,5.23,5.2,6.07,4.97,4.35,5.17,6.66,7.41,6.63,5.09,6.14,25.0,6.27,3.68,2.73,7.81,4.97,4.7,5.1,5.32,2.03,4.34,2.08,4.22,5.1,4.64,4.99,25.0,5.25,3.12,5.01,7.2,3.1,3.24,6.98,7.9,4.78,6.83,4.99,5.02,5.31,6.29,5.42,6.23,5.79,8.18,6.08,5.24,7.39,7.06,6.92,7.05,7.86,0.0,1.53,3.07,7.03,25.0,4.1,4.44,7.63
3u1a_a,2.9,2.49,2.2,4.33,2.19,2.89,4.09,3.34,3.6,1.7,3.49,2.47,2.36,2.44,2.79,4.67,2.69,4.68,2.15,3.87,2.78,2.58,3.06,25.0,2.8,2.11,2.96,4.38,1.88,3.96,4.06,1.77,4.4,3.0,1.93,2.68,3.03,2.55,2.51,3.93,3.44,25.0,4.25,3.13,2.57,2.33,4.0,2.69,4.16,4.49,1.98,3.05,1.13,5.11,4.03,3.57,1.53,25.0,4.95,2.68,1.82,3.66,1.99,3.51,5.01,2.9,3.05,2.87,2.8,3.05,2.68,3.09,3.22,2.82,3.51,3.8,2.64,2.81,4.63,3.08,2.53,2.62,4.99,1.53,0.0,2.23,2.65,25.0,3.04,2.03,4.18
3v1a_a,3.55,2.37,2.9,4.65,2.73,2.94,3.99,3.35,3.43,3.01,2.29,3.48,2.69,3.67,3.34,3.09,3.1,3.07,2.95,3.13,2.97,2.78,2.75,25.0,3.18,3.36,2.51,3.14,3.0,4.13,3.01,2.82,3.75,3.17,2.88,3.1,2.57,3.37,3.71,3.85,3.18,25.0,3.0,3.55,2.93,2.79,2.84,3.04,3.7,2.75,2.26,2.28,1.62,3.56,3.65,3.62,3.46,25.0,3.78,3.69,2.63,2.06,2.13,3.22,4.15,3.1,3.94,3.07,2.74,2.49,3.44,2.79,2.9,2.22,2.5,2.18,2.9,2.92,3.14,2.49,3.23,3.23,2.85,3.07,2.23,0.0,2.88,25.0,3.67,2.62,2.08
3w1a_a,4.74,5.09,5.28,7.05,6.02,4.71,4.44,6.44,5.97,3.91,6.34,6.07,5.98,5.1,4.87,6.47,7.31,6.53,3.53,5.53,5.42,5.15,5.17,25.0,5.47,4.83,3.74,5.82,3.47,5.83,6.16,5.54,5.52,5.01,4.94,5.33,5.5,5.86,6.22,5.47,7.05,25.0,6.11,2.96,4.42,5.24,5.85,4.73,4.88,5.2,2.72,4.67,1.53,5.36,4.73,5.55,5.65,25.0,5.62,4.26,5.41,4.57,1.9,3.99,6.86,5.39,5.12,5.91,4.68,5.88,5.59,3.16,6.03,6.81,5.65,5.14,6.14,6.06,4.18,6.02,6.42,6.49,6.49,7.03,2.65,2.88,0.0,25.0,4.71,5.01,6.67
4e5a_a,25.0,25.0,25.0,25.0,25.0,25.0,25.0,25.0,25.0,25.0,25.0,25.0,25.0,25.0,25.0,25.0,25.0,25.0,25.0,25.0,25.0,25.0,25.0,25.0,25.0,25.0,25.0,25.0,25.0,25.0,25.0,25.0,25.0,25.0,25.0,25.0,25.0,25.0,25.0,25.0,25.0,25.0,25.0,25.0,25.0,25.0,25.0,25.0,25.0,25.0,25.0,25.0,25.0,25.0,25.0,25.0,25.0,25.0,25.0,25.0,25.0,25.0,25.0,25.0,25.0,25.0,25.0,25.0,25.0,25.0,25.0,25.0,25.0,25.0,25.0,25.0,25.0,25.0,25.0,25.0,25.0,25.0,25.0,25.0,25.0,25.0,25.0,0.0,25.0,25.0,25.0
4nfb_a,5.01,4.18,4.36,4.65,4.95,5.31,3.53,5.36,4.27,4.58,3.69,5.62,3.88,4.76,5.19,3.46,5.27,4.51,3.45,5.1,4.81,4.97,4.49,25.0,4.92,4.4,4.48,3.39,4.68,4.9,3.31,4.71,3.48,4.98,4.38,5.12,4.88,5.01,4.85,5.59,4.99,25.0,2.42,3.61,4.32,4.6,4.32,4.85,5.22,4.34,2.67,3.68,3.01,3.47,4.29,3.39,4.89,25.0,4.57,4.5,5.07,5.39,3.65,4.0,4.0,5.13,4.91,4.69,4.96,3.56,5.22,5.14,5.05,4.71,4.07,4.78,4.48,4.75,5.44,4.77,4.86,5.24,4.66,4.1,3.04,3.67,4.71,25.0,0.0,5.4,5.15
5fhx_a,4.19,4.41,4.28,5.79,4.84,4.06,4.49,3.79,5.34,4.56,4.94,4.7,4.28,5.0,4.35,4.72,4.44,5.06,3.76,4.17,3.55,4.24,4.57,25.0,4.22,3.85,4.71,5.03,4.45,5.19,5.1,4.29,4.89,3.35,4.29,3.68,5.62,5.32,5.11,4.84,4.89,25.0,5.5,3.17,3.24,3.8,4.72,4.71,5.07,4.23,1.66,4.62,1.37,4.25,5.09,5.23,4.93,25.0,5.34,4.47,3.88,4.36,1.87,4.64,4.95,4.59,4.96,5.14,4.26,4.1,4.25,4.69,4.57,4.11,4.0,4.14,4.96,5.52,5.16,4.26,4.52,4.95,3.71,4.44,2.03,2.62,5.01,25.0,5.4,0.0,4.92
6ldp_a,5.55,4.53,4.91,7.08,6.1,5.11,4.18,7.29,5.67,4.68,6.55,6.26,5.7,6.26,5.6,5.75,6.78,7.59,3.73,5.91,4.78,5.42,4.84,25.0,5.71,5.23,4.09,5.12,4.41,5.49,5.73,5.79,5.61,5.42,4.9,5.26,6.29,6.19,6.37,5.2,6.76,25.0,6.5,4.31,3.45,7.08,5.17,4.36,4.98,5.44,2.25,5.04,1.81,5.17,4.76,5.37,5.12,25.0,4.7,4.66,5.46,6.57,2.43,3.73,7.24,6.89,5.72,6.38,5.69,5.76,4.67,5.8,5.63,6.5,4.98,6.37,6.49,5.59,6.42,6.73,6.23,6.61,6.96,7.63,4.18,2.08,6.67,25.0,5.15,4.92,0.0
